subreddit,audit_status,checked_at,account_age_min_days,combined_karma_min,post_karma_min,comment_karma_min,community_karma_min,verified_email_required,join_age_or_membership_required,flair_required,mod_approval_or_modmail_required,megathread_or_schedule_gate,other_posting_gate,post_route,evidence_level,evidence_url_1,evidence_url_2,exact_rule_excerpt_or_paraphrase,uncertainty_note,same_day_recheck_required
"r/AdultGamers","verified_numeric","2026-07-14T19:15:00+08:00","30","20","","","","","","","","每 14 天最多发帖一次；crowd control medium，部分内容需批准。","社区 25+；禁止 self-promotion；帖子需包含年龄、平台、正在玩的游戏等找 gaming friend 所需信息；meaningful/on-topic。","closed","public_rules_json","https://www.reddit.com/r/AdultGamers/about/rules.json","","当前规则：Accounts must be at least 30 days old with 20 karma to participate；crowd control medium，部分内容需批准。另有 25+ community、每两周一次发帖。","20 karma 未区分 combined/post/comment/community；30 天是账号年龄门槛，25+ 是用户年龄而非账号年龄。AutoModerator/crowd control 隐藏条件 unknown。","yes"
"r/AfterEffects","no_public_gate_found","2026-07-14T19:15:00+08:00","","","","","","","","yes","","","需说明尝试过什么；relevant flair；原创内容需有显著 AE 工作；禁止模板/低努力推广。","conditional","public_rules_json","https://www.reddit.com/r/AfterEffects/about/rules.json","","当前 rules.json 未发现账号门槛数字；要求 relevant flair，低努力/模板/非 AE 主体内容会被限制。","未发现公开数字不代表没有 AutoModerator 隐藏门槛；本条也未替代内容是否允许的判断。","yes"
"r/AI_Agents","verified_qualitative","2026-07-14T19:15:00+08:00","","","","","","","","","","项目展示进入 weekly project display thread。","self-promotion 约 1/10 posts/comments；blog link 放 comments；项目需有 context；spam/低 effort 会移除。","conditional","public_rules_json","https://www.reddit.com/r/AI_Agents/about/rules.json","","当前规则：self promotion 允许但不应全是自推，good ratio is one out of ten posts/comments；项目展示进 weekly project display thread。","未见 account age、karma 或 verified email 数字；1/10 是参与历史比例，不是最低 karma。AutoModerator hidden conditions unknown。","yes"
"r/aipartners","verified_qualitative","2026-07-14T19:15:00+08:00","","","","","","","","","研究机会或 AI companionship products 必须 mod approval。","","AI companionship/human experience 语境；self-promotion/low effort 禁止；帖子须 human-authored discussion。","closed","public_rules_json","https://www.reddit.com/r/aipartners/about/rules.json","","当前规则：Self-promotion（除非促进讨论）或 low effort 不允许；Promoting research opportunities or AI companionship products must go under mod approval。","未见 account age、karma、verified email 或 Join 年龄数字；mod approval 是内容/身份路由门槛，不能推算为账号 Karma 门槛。AutoModerator hidden conditions unknown。","yes"
"r/AIRelationships","no_public_gate_found","2026-07-14T19:15:00+08:00","","","","","","","","","","","社区 adults-only；禁止 normie AI dating app/service promotion；不允许 tabloid/academic 观察式进入。","closed","public_rules_json","https://www.reddit.com/r/AIRelationships/about/rules.json","","当前规则明确 community is adults-only；self-promotion/AI dating app promotion 不允许或高风险；未见账号 age/karma/email 数字。","未发现公开账号门槛数字；adults-only 是用户年龄/社区内容边界，不是账号年龄。AutoModerator hidden conditions unknown。","yes"
"r/alphaandbetausers","no_public_gate_found","2026-07-14T19:15:00+08:00","","","","","","","","","","","","conditional","public_rules_json","https://www.reddit.com/r/alphaandbetausers/about/rules.json","","公开 rules.json 当前返回 rules=[]，未发现账号 age/karma/email 或 membership 门槛。","规则正文为空不代表没有 AutoModerator 或 submit-time 隐藏门槛；需同日 submit/page recheck。","yes"
"r/AmateurPhotography","no_public_gate_found","2026-07-14T19:15:00+08:00","","","","","","","","","","","仅原创照片；只允许真实人类/真实照片；禁广告和外部链接；问题需充分 context。","closed","public_rules_json","https://www.reddit.com/r/AmateurPhotography/about/rules.json","","当前 rules.json 未发现 account age、karma、email 或 membership 数字；公开门槛为原创、真实人类/照片、禁广告外链和足够问题 context。","未发现公开数字不代表没有 AutoModerator 隐藏门槛。","yes"
"r/Android","verified_numeric","2026-07-14T19:15:00+08:00","90","","","","","","","","polls/giveaways/bots require mod approval","","开发者 app 自推需 self-post、详细描述、合理 r/Android posting history，并在帖子内互动；一般 website/blog/YouTube owner content 不允许。","conditional","public_rules_json","https://www.reddit.com/r/Android/about/rules.json","","当前规则 4：developer account at least three months old AND reasonable posting history on r/Android；规则 8：polls/giveaways/bots 需 modmail approval。","3 个月约按 90 天记录；reasonable posting history 未给数字。未见 verified email、combined/post/comment/community karma 数字。AutoModerator hidden conditions unknown。","yes"
"r/AndroidApps","no_public_gate_found","2026-07-14T19:15:00+08:00","","","","","","","","","","","禁止 self-promotion、tester requests、new app ideas、app feedback；仅官方商店/GitHub链接；英文标题/正文。","closed","public_rules_json","https://www.reddit.com/r/AndroidApps/about/rules.json","","当前 rules.json 未发现 account age、karma、email 或 membership 数字；明确禁止自推、测试请求、new app idea/app feedback。","未发现公开数字不代表没有 AutoModerator 隐藏门槛；这不等同于允许发 Loci 主帖。","yes"
"r/AndroidAppTesters","verified_qualitative","2026-07-14T19:15:00+08:00","","","","","","","","yes","","","give-and-take/test-for-test；发帖前应测试他人；可信商店链接；正确 flair；避免重复/低 effort。","conditional","public_rules_json","https://www.reddit.com/r/AndroidAppTesters/about/rules.json","","当前 rules.json：想要 12 testers 就应先测试别人；只允许可信商店链接；正确 flair；test-for-test spirit。","未见 account age、karma、email 或 membership 数字；这是参与历史/社区互惠限制，不是最低 karma。AutoModerator hidden conditions unknown。","yes"
"r/AndroidClosedTesting","blocked","2026-07-14T19:15:00+08:00","","","","","","","","","","","参与规则首条写明：You are no longer able to participate in this community。","conditional","public_rules_json","https://www.reddit.com/r/AndroidClosedTesting/about/rules.json","","当前 rules.json 明确当前无法参与该 community；不据此推算账号年龄或 Karma。","社区级 participation blocked；后续需同日 recheck 状态变化。","yes"
"r/AnimalCrossing","no_public_gate_found","2026-07-14T19:15:00+08:00","","","","","","","","","","friend/dodo codes and looking-to-play only in stickied code-sharing thread","No trading/buying/selling/giveaways; no store links/advertising; no AI art; content must be clearly Animal Crossing-related.","closed","public_rules_json","https://www.reddit.com/r/AnimalCrossing/about/rules.json","","当前 rules.json 未发现 account age、karma、email 或 membership 数字；明确 sticky code-sharing thread、交易/商店/AI/主题限制。","未发现公开数字不代表没有 AutoModerator 隐藏门槛。","yes"
"r/animation","verified_numeric","2026-07-14T19:20:00+08:00","30","15","","","","","","yes","manual review for numeric/negative-comment condition","","负 comment karma 也会触发人工审核；未获批准的帖子 24 小时后仍可能 blocked；AI/版权和内容规则另行适用。","conditional","direct_chrome_rules_submit","https://www.reddit.com/mod/animation/rules/","https://www.reddit.com/r/animation/submit/?type=TEXT","当前 Implicit Rules/Reasons your posts doesn't show up：若账号未满 30 天且尚未获得 15 total karma，或 account 有 negative comment karma，会安排 manual review；帖子在 24 小时后未获批准仍 blocked。","这是一条触发人工审核的联合条件，不应理解为年龄和 karma 两个独立且充分的放行门槛；post karma/community karma/email/Join 门槛未公开。","yes"
"r/Anime","verified_numeric","2026-07-14T19:20:00+08:00","","","","10","","","","yes","","Meta 进入 Monthly Meta Thread；merchandise 进入 Daily/Casual Discussion Fridays；OC Fanart 每 7 天 1 次；Clip/Video Edit 各每月 2 次。","必须 anime-specific；禁止 bots/novelty accounts；普通 text post 少于 100 字符或标题少于 4 words 会被移除；Review/Essay 至少 1500 字符。","conditional","direct_chrome_rules_wiki_submit","https://old.reddit.com/r/anime/wiki/rules","https://www.reddit.com/r/anime/submit/?type=TEXT","当前 wiki 的 Posting Requires Community Participation：发帖前需参与社区，并累计 10 comment karma from r/anime；Flair your posts。","未见 account age、combined/sitewide、post karma、community karma 或 verified email 数字门槛；wiki 在现代页面出现 unknown error，已用同一 Chrome 的 old.reddit 公开 wiki 读取。AutoModerator 隐藏条件 unknown。","yes"
"r/AnimeAlley","no_public_gate_found","2026-07-14T19:15:00+08:00","","","","","","","","","","","anime/manga-only；禁 spam/advertising/self-promotion except relevant；flair when possible；spoilers/NSFW rules。","closed","public_rules_json","https://www.reddit.com/r/AnimeAlley/about/rules.json","","当前 rules.json 未发现 account age、karma、email 或 membership 数字；正确 flair 被建议而非明确账号门槛。","未发现公开数字不代表没有 AutoModerator 隐藏门槛。","yes"
"r/AnimeDiscussion","verified_qualitative","2026-07-14T19:15:00+08:00","","","","","","","","","advertising exception requires moderator permission","","anime-related discussion only；禁止广告 subreddit/Discord/YouTube/social；Moderator's permission is exception。","closed","public_rules_json","https://www.reddit.com/r/AnimeDiscussion/about/rules.json","","当前 rules.json：讨论社区不允许广告；Moderator's permission 是例外。","未见 account age、karma、email 或 membership 数字；mod approval 是内容路由，不是账号 Karma 门槛。AutoModerator hidden conditions unknown。","yes"
"r/animequestions","verified_qualitative","2026-07-14T19:15:00+08:00","","","","","","","","yes","moderator discretion","","anime-related question only；禁 self-promotion/advertising/AI；标题清晰；正确 flair；mods 可移除未明示违规内容。","closed","public_rules_json","https://www.reddit.com/r/animequestions/about/rules.json","","当前 rules.json：发帖必须是 anime-related question；正确 flair；No Self-Promotion；Mods may remove posts under Moderator Discretion。","未见 account age、karma、email 或 membership 数字；moderator discretion 不等于账号门槛。AutoModerator hidden conditions unknown。","yes"
"r/AnimeReccomendations","unknown","2026-07-14T18:30:00+08:00","","","","","","","","","","","","closed","","","","","尚未完成当前规则页核验；未知不代表没有 AutoModerator 隐藏门槛。","是"
"r/Animesuggest","unknown","2026-07-14T18:30:00+08:00","","","","","","","","","","","","closed","","","","","尚未完成当前规则页核验；未知不代表没有 AutoModerator 隐藏门槛。","是"
"r/AppBetaTesters","unknown","2026-07-14T18:30:00+08:00","","","","","","","","","","","","conditional","","","","","尚未完成当前规则页核验；未知不代表没有 AutoModerator 隐藏门槛。","是"
"r/AppBusiness","unknown","2026-07-14T18:30:00+08:00","","","","","","","","","","","","conditional","","","","","尚未完成当前规则页核验；未知不代表没有 AutoModerator 隐藏门槛。","是"
"r/AppDevelopers","unknown","2026-07-14T18:30:00+08:00","","","","","","","","","","","","closed","","","","","尚未完成当前规则页核验；未知不代表没有 AutoModerator 隐藏门槛。","是"
"r/AppFeedback","unknown","2026-07-14T18:30:00+08:00","","","","","","","","","","","","conditional","","","","","尚未完成当前规则页核验；未知不代表没有 AutoModerator 隐藏门槛。","是"
"r/AppIdeas","unknown","2026-07-14T18:30:00+08:00","","","","","","","","","","","","conditional","","","","","尚未完成当前规则页核验；未知不代表没有 AutoModerator 隐藏门槛。","是"
"r/AppleVisionPro","unknown","2026-07-14T18:30:00+08:00","","","","","","","","","","","","closed","","","","","尚未完成当前规则页核验；未知不代表没有 AutoModerator 隐藏门槛。","是"
"r/apps","unknown","2026-07-14T18:30:00+08:00","","","","","","","","","","","","closed","","","","","尚未完成当前规则页核验；未知不代表没有 AutoModerator 隐藏门槛。","是"
"r/arkit","unknown","2026-07-14T18:30:00+08:00","","","","","","","","","","","","conditional","","","","","尚未完成当前规则页核验；未知不代表没有 AutoModerator 隐藏门槛。","是"
"r/Art","unknown","2026-07-14T18:30:00+08:00","","","","","","","","","","","","closed","","","","","尚未完成当前规则页核验；未知不代表没有 AutoModerator 隐藏门槛。","是"
"r/ArtCrit","unknown","2026-07-14T18:30:00+08:00","","","","","","","","","","","","conditional","","","","","尚未完成当前规则页核验；未知不代表没有 AutoModerator 隐藏门槛。","是"
"r/ArtistLounge","unknown","2026-07-14T18:30:00+08:00","","","","","","","","","","","","closed","","","","","尚未完成当前规则页核验；未知不代表没有 AutoModerator 隐藏门槛。","是"
"r/AskGames","unknown","2026-07-14T18:30:00+08:00","","","","","","","","","","","","closed","","","","","尚未完成当前规则页核验；未知不代表没有 AutoModerator 隐藏门槛。","是"
"r/AskGenZ","unknown","2026-07-14T18:30:00+08:00","","","","","","","","","","","","closed","","","","","尚未完成当前规则页核验；未知不代表没有 AutoModerator 隐藏门槛。","是"
"r/AskPhotography","unknown","2026-07-14T18:30:00+08:00","","","","","","","","","","","","closed","","","","","尚未完成当前规则页核验；未知不代表没有 AutoModerator 隐藏门槛。","是"
"r/augmentedreality","unknown","2026-07-14T18:30:00+08:00","","","","","","","","","","","","conditional","","","","","尚未完成当前规则页核验；未知不代表没有 AutoModerator 隐藏门槛。","是"
"r/backpacking","unknown","2026-07-14T18:30:00+08:00","","","","","","","","","","","","closed","","","","","尚未完成当前规则页核验；未知不代表没有 AutoModerator 隐藏门槛。","是"
"r/BeginnerArtists","unknown","2026-07-14T18:30:00+08:00","","","","","","","","","","","","closed","","","","","尚未完成当前规则页核验；未知不代表没有 AutoModerator 隐藏门槛。","是"
"r/bereal_app","unknown","2026-07-14T18:30:00+08:00","","","","","","","","","","","","closed","","","","","尚未完成当前规则页核验；未知不代表没有 AutoModerator 隐藏门槛。","是"
"r/betatesters","unknown","2026-07-14T18:30:00+08:00","","","","","","","","","","","","closed","","","","","尚未完成当前规则页核验；未知不代表没有 AutoModerator 隐藏门槛。","是"
"r/betatests","unknown","2026-07-14T18:30:00+08:00","","","","","","","","","","","","conditional","","","","","尚未完成当前规则页核验；未知不代表没有 AutoModerator 隐藏门槛。","是"
"r/blender","unknown","2026-07-14T18:30:00+08:00","","","","","","","","","","","","closed","","","","","尚未完成当前规则页核验；未知不代表没有 AutoModerator 隐藏门槛。","是"
"r/BoardgameDesign","unknown","2026-07-14T18:30:00+08:00","","","","","","","","","","","","closed","","","","","尚未完成当前规则页核验；未知不代表没有 AutoModerator 隐藏门槛。","是"
"r/BoardGames","verified_qualitative","2026-07-14T19:20:00+08:00","","","","","","","","","modmail for AMA/exceptional project approval","部分主题/活动有专门指南；promotion 按来源每 7 天或每 10 周一次；AMA 最多每 6 个月一次。","Promotion Requires Participation；promotional posts require 10:1 activity before the post；社区强调 community not audience；AI 生成 posts/comments 会移除。","conditional","direct_chrome_rules_guide_submit","https://www.reddit.com/mod/BoardGames/rules/","https://www.reddit.com/r/boardgames/wiki/contribution-guides","当前 Participation and Promotion Guidelines：promotion 需要先有 10:1 或以上 activity；YouTube/网站促销每 7 天 1 次，specific game/crowdfunding 每 10 周 1 次。","当前页面未给出 account age、combined/sitewide karma、post/comment/community karma 或 verified email 数字；10:1 是参与度比例，不是绝对 karma 最低值。AutoModerator/人工隐藏门槛 unknown。","yes"
"r/BuddyCrossing","unknown","2026-07-14T18:30:00+08:00","","","","","","","","","","","","closed","","","","","尚未完成当前规则页核验；未知不代表没有 AutoModerator 隐藏门槛。","是"
"r/buildinpublic","unknown","2026-07-14T18:30:00+08:00","","","","","","","","","","","","conditional","","","","","尚未完成当前规则页核验；未知不代表没有 AutoModerator 隐藏门槛。","是"
"r/CampingandHiking","unknown","2026-07-14T18:30:00+08:00","","","","","","","","","","","","closed","","","","","尚未完成当前规则页核验；未知不代表没有 AutoModerator 隐藏门槛。","是"
"r/CasualConversation","unknown","2026-07-14T18:30:00+08:00","","","","","","","","","","","","closed","","","","","尚未完成当前规则页核验；未知不代表没有 AutoModerator 隐藏门槛。","是"
"r/CharacterAI","unknown","2026-07-14T18:30:00+08:00","","","","","","","","","","","","closed","","","","","尚未完成当前规则页核验；未知不代表没有 AutoModerator 隐藏门槛。","是"
"r/ChatGPT","unknown","2026-07-14T18:30:00+08:00","","","","","","","","","","","","closed","","","","","尚未完成当前规则页核验；未知不代表没有 AutoModerator 隐藏门槛。","是"
"r/ChatGPTCoding","unknown","2026-07-14T18:30:00+08:00","","","","","","","","","","","","conditional","","","","","尚未完成当前规则页核验；未知不代表没有 AutoModerator 隐藏门槛。","是"
"r/Cinema","unknown","2026-07-14T18:30:00+08:00","","","","","","","","","","","","closed","","","","","尚未完成当前规则页核验；未知不代表没有 AutoModerator 隐藏门槛。","是"
"r/CitiesSkylines","unknown","2026-07-14T18:30:00+08:00","","","","","","","","","","","","closed","","","","","尚未完成当前规则页核验；未知不代表没有 AutoModerator 隐藏门槛。","是"
"r/CityPorn","unknown","2026-07-14T18:30:00+08:00","","","","","","","","","","","","closed","","","","","尚未完成当前规则页核验；未知不代表没有 AutoModerator 隐藏门槛。","是"
"r/ClaudeAI","unknown","2026-07-14T18:30:00+08:00","","","","","","","","","","","","closed","","","","","尚未完成当前规则页核验；未知不代表没有 AutoModerator 隐藏门槛。","是"
"r/college","unknown","2026-07-14T18:30:00+08:00","","","","","","","","","","","","closed","","","","","尚未完成当前规则页核验；未知不代表没有 AutoModerator 隐藏门槛。","是"
"r/collegeadvice","unknown","2026-07-14T18:30:00+08:00","","","","","","","","","","","","closed","","","","","尚未完成当前规则页核验；未知不代表没有 AutoModerator 隐藏门槛。","是"
"r/CollegeRant","unknown","2026-07-14T18:30:00+08:00","","","","","","","","","","","","closed","","","","","尚未完成当前规则页核验；未知不代表没有 AutoModerator 隐藏门槛。","是"
"r/Constructedadventures","unknown","2026-07-14T18:30:00+08:00","","","","","","","","","","","","conditional","","","","","尚未完成当前规则页核验；未知不代表没有 AutoModerator 隐藏门槛。","是"
"r/CozyGamers","organization_deny","2026-07-14T18:30:00+08:00","","","","","","","","","","","","closed","local_policy","local:/Users/lishehao/.codex/skills/reddit-karma-warmup/references/organization-community-denylist.md","","","组织级永久 denylist；本审计不打开、不搜索、不读取、不测试访问。","不适用"
"r/crafts","unknown","2026-07-14T18:30:00+08:00","","","","","","","","","","","","closed","","","","","尚未完成当前规则页核验；未知不代表没有 AutoModerator 隐藏门槛。","是"
"r/cursor","unknown","2026-07-14T18:30:00+08:00","","","","","","","","","","","","conditional","","","","","尚未完成当前规则页核验；未知不代表没有 AutoModerator 隐藏门槛。","是"
"r/DatingApps","unknown","2026-07-14T18:30:00+08:00","","","","","","","","","","","","closed","","","","","尚未完成当前规则页核验；未知不代表没有 AutoModerator 隐藏门槛。","是"
"r/Design","unknown","2026-07-14T18:30:00+08:00","","","","","","","","","","","","closed","","","","","尚未完成当前规则页核验；未知不代表没有 AutoModerator 隐藏门槛。","是"
"r/design_critiques","unknown","2026-07-14T18:30:00+08:00","","","","","","","","","","","","conditional","","","","","尚未完成当前规则页核验；未知不代表没有 AutoModerator 隐藏门槛。","是"
"r/DesignJobs","unknown","2026-07-14T18:30:00+08:00","","","","","","","","","","","","closed","","","","","尚未完成当前规则页核验；未知不代表没有 AutoModerator 隐藏门槛。","是"
"r/DigitalArt","unknown","2026-07-14T18:30:00+08:00","","","","","","","","","","","","closed","","","","","尚未完成当前规则页核验；未知不代表没有 AutoModerator 隐藏门槛。","是"
"r/DigitalPainting","unknown","2026-07-14T18:30:00+08:00","","","","","","","","","","","","closed","","","","","尚未完成当前规则页核验；未知不代表没有 AutoModerator 隐藏门槛。","是"
"r/discordapp","unknown","2026-07-14T18:30:00+08:00","","","","","","","","","","","","closed","","","","","尚未完成当前规则页核验；未知不代表没有 AutoModerator 隐藏门槛。","是"
"r/droidappshowcase","verified_numeric","2026-07-14T19:20:00+08:00","1","2","","","","yes","","","","","Android-only; direct reputable app link; high-quality/template guidance; one app post per week; no cross-sub spam, link-dumping, affiliate links, promo-only accounts; SFW.","conditional","direct_chrome_rules_submit","https://www.reddit.com/mod/droidappshowcase/rules/","https://www.reddit.com/r/droidappshowcase/submit/?type=TEXT","当前规则 8：Age 24+ hours；Karma 2+ combined。规则 9：发帖必须 verified email。规则 5/6 另有每周 1 个 app、直接可信 app link 等发布限制。","已确认公开数字门槛；未见 post/comment/community karma 分列门槛，也未见 Join 年龄门槛。AutoModerator/Shadowban 隐藏条件 unknown。","yes"
"r/Entrepreneur","unknown","2026-07-14T18:30:00+08:00","","","","","","","","","","","","closed","","","","","尚未完成当前规则页核验；未知不代表没有 AutoModerator 隐藏门槛。","是"
"r/EntrepreneurRideAlong","unknown","2026-07-14T18:30:00+08:00","","","","","","","","","","","","conditional","","","","","尚未完成当前规则页核验；未知不代表没有 AutoModerator 隐藏门槛。","是"
"r/FIlm","unknown","2026-07-14T18:30:00+08:00","","","","","","","","","","","","closed","","","","","尚未完成当前规则页核验；未知不代表没有 AutoModerator 隐藏门槛。","是"
"r/Filmmakers","unknown","2026-07-14T18:30:00+08:00","","","","","","","","","","","","conditional","","","","","尚未完成当前规则页核验；未知不代表没有 AutoModerator 隐藏门槛。","是"
"r/filmphotography","unknown","2026-07-14T18:30:00+08:00","","","","","","","","","","","","closed","","","","","尚未完成当前规则页核验；未知不代表没有 AutoModerator 隐藏门槛。","是"
"r/films","unknown","2026-07-14T18:30:00+08:00","","","","","","","","","","","","closed","","","","","尚未完成当前规则页核验；未知不代表没有 AutoModerator 隐藏门槛。","是"
"r/FineArtPhoto","unknown","2026-07-14T18:30:00+08:00","","","","","","","","","","","","closed","","","","","尚未完成当前规则页核验；未知不代表没有 AutoModerator 隐藏门槛。","是"
"r/FlutterDev","unknown","2026-07-14T18:30:00+08:00","","","","","","","","","","","","closed","","","","","尚未完成当前规则页核验；未知不代表没有 AutoModerator 隐藏门槛。","是"
"r/FortniteCreative","unknown","2026-07-14T18:30:00+08:00","","","","","","","","","","","","closed","","","","","尚未完成当前规则页核验；未知不代表没有 AutoModerator 隐藏门槛。","是"
"r/Foursquare","unknown","2026-07-14T18:30:00+08:00","","","","","","","","","","","","closed","","","","","尚未完成当前规则页核验；未知不代表没有 AutoModerator 隐藏门槛。","是"
"r/FRIEND","unknown","2026-07-14T18:30:00+08:00","","","","","","","","","","","","closed","","","","","尚未完成当前规则页核验；未知不代表没有 AutoModerator 隐藏门槛。","是"
"r/friendship","unknown","2026-07-14T18:30:00+08:00","","","","","","","","","","","","closed","","","","","尚未完成当前规则页核验；未知不代表没有 AutoModerator 隐藏门槛。","是"
"r/FriendshipAdvice","unknown","2026-07-14T18:30:00+08:00","","","","","","","","","","","","closed","","","","","尚未完成当前规则页核验；未知不代表没有 AutoModerator 隐藏门槛。","是"
"r/gamedesign","unknown","2026-07-14T18:30:00+08:00","","","","","","","","","","","","closed","","","","","尚未完成当前规则页核验；未知不代表没有 AutoModerator 隐藏门槛。","是"
"r/gamedev","organization_deny","2026-07-14T18:30:00+08:00","","","","","","","","","","","","closed","local_policy","local:/Users/lishehao/.codex/skills/reddit-karma-warmup/references/organization-community-denylist.md","","","组织级永久 denylist；本审计不打开、不搜索、不读取、不测试访问。","不适用"
"r/gamedevscreens","unknown","2026-07-14T18:30:00+08:00","","","","","","","","","","","","conditional","","","","","尚未完成当前规则页核验；未知不代表没有 AutoModerator 隐藏门槛。","是"
"r/GamerPals","unknown","2026-07-14T18:30:00+08:00","","","","","","","","","","","","conditional","","","","","尚未完成当前规则页核验；未知不代表没有 AutoModerator 隐藏门槛。","是"
"r/Games","unknown","2026-07-14T18:30:00+08:00","","","","","","","","","","","","closed","","","","","尚未完成当前规则页核验；未知不代表没有 AutoModerator 隐藏门槛。","是"
"r/GamesOnReddit","unknown","2026-07-14T18:30:00+08:00","","","","","","","","","","","","closed","","","","","尚未完成当前规则页核验；未知不代表没有 AutoModerator 隐藏门槛。","是"
"r/gamesuggestions","unknown","2026-07-14T18:30:00+08:00","","","","","","","","","","","","closed","","","","","尚未完成当前规则页核验；未知不代表没有 AutoModerator 隐藏门槛。","是"
"r/gamification","unknown","2026-07-14T18:30:00+08:00","","","","","","","","","","","","conditional","","","","","尚未完成当前规则页核验；未知不代表没有 AutoModerator 隐藏门槛。","是"
"r/gaming","unknown","2026-07-14T18:30:00+08:00","","","","","","","","","","","","closed","","","","","尚未完成当前规则页核验；未知不代表没有 AutoModerator 隐藏门槛。","是"
"r/gamingsuggestions","unknown","2026-07-14T18:30:00+08:00","","","","","","","","","","","","closed","","","","","尚未完成当前规则页核验；未知不代表没有 AutoModerator 隐藏门槛。","是"
"r/GenZ","unknown","2026-07-14T18:30:00+08:00","","","","","","","","","","","","closed","","","","","尚未完成当前规则页核验；未知不代表没有 AutoModerator 隐藏门槛。","是"
"r/GenZHumor","unknown","2026-07-14T18:30:00+08:00","","","","","","","","","","","","closed","","","","","尚未完成当前规则页核验；未知不代表没有 AutoModerator 隐藏门槛。","是"
"r/geocaching","unknown","2026-07-14T18:30:00+08:00","","","","","","","","","","","","closed","","","","","尚未完成当前规则页核验；未知不代表没有 AutoModerator 隐藏门槛。","是"
"r/getdisciplined","unknown","2026-07-14T18:30:00+08:00","","","","","","","","","","","","closed","","","","","尚未完成当前规则页核验；未知不代表没有 AutoModerator 隐藏门槛。","是"
"r/GirlGamers","unknown","2026-07-14T18:30:00+08:00","","","","","","","","","","","","closed","","","","","尚未完成当前规则页核验；未知不代表没有 AutoModerator 隐藏门槛。","是"
"r/gmod","unknown","2026-07-14T18:30:00+08:00","","","","","","","","","","","","closed","","","","","尚未完成当前规则页核验；未知不代表没有 AutoModerator 隐藏门槛。","是"
"r/godot","unknown","2026-07-14T18:30:00+08:00","","","","","","","","","","","","conditional","","","","","尚未完成当前规则页核验；未知不代表没有 AutoModerator 隐藏门槛。","是"
"r/GradSchool","unknown","2026-07-14T18:30:00+08:00","","","","","","","","","","","","closed","","","","","尚未完成当前规则页核验；未知不代表没有 AutoModerator 隐藏门槛。","是"
"r/graphic_design","unknown","2026-07-14T18:30:00+08:00","","","","","","","","","","","","conditional","","","","","尚未完成当前规则页核验；未知不代表没有 AutoModerator 隐藏门槛。","是"
"r/GrowthHacking","unknown","2026-07-14T18:30:00+08:00","","","","","","","","","","","","conditional","","","","","尚未完成当前规则页核验；未知不代表没有 AutoModerator 隐藏门槛。","是"
"r/Habbo","unknown","2026-07-14T18:30:00+08:00","","","","","","","","","","","","closed","","","","","尚未完成当前规则页核验；未知不代表没有 AutoModerator 隐藏门槛。","是"
"r/hiking","unknown","2026-07-14T18:30:00+08:00","","","","","","","","","","","","closed","","","","","尚未完成当前规则页核验；未知不代表没有 AutoModerator 隐藏门槛。","是"
"r/IMadeThis","unknown","2026-07-14T18:30:00+08:00","","","","","","","","","","","","conditional","","","","","尚未完成当前规则页核验；未知不代表没有 AutoModerator 隐藏门槛。","是"
"r/imvu","unknown","2026-07-14T18:30:00+08:00","","","","","","","","","","","","closed","","","","","尚未完成当前规则页核验；未知不代表没有 AutoModerator 隐藏门槛。","是"
"r/IndieAppCircle","unknown","2026-07-14T18:30:00+08:00","","","","","","","","","","","","conditional","","","","","尚未完成当前规则页核验；未知不代表没有 AutoModerator 隐藏门槛。","是"
"r/IndieDev","unknown","2026-07-14T18:30:00+08:00","","","","","","","","","","","","conditional","","","","","尚未完成当前规则页核验；未知不代表没有 AutoModerator 隐藏门槛。","是"
"r/IndieGaming","unknown","2026-07-14T18:30:00+08:00","","","","","","","","","","","","conditional","","","","","尚未完成当前规则页核验；未知不代表没有 AutoModerator 隐藏门槛。","是"
"r/indiehackers","unknown","2026-07-14T18:30:00+08:00","","","","","","","","","","","","conditional","","","","","尚未完成当前规则页核验；未知不代表没有 AutoModerator 隐藏门槛。","是"
"r/Ingress","unknown","2026-07-14T18:30:00+08:00","","","","","","","","","","","","closed","","","","","尚未完成当前规则页核验；未知不代表没有 AutoModerator 隐藏门槛。","是"
"r/Instagram","unknown","2026-07-14T18:30:00+08:00","","","","","","","","","","","","closed","","","","","尚未完成当前规则页核验；未知不代表没有 AutoModerator 隐藏门槛。","是"
"r/instructionaldesign","unknown","2026-07-14T18:30:00+08:00","","","","","","","","","","","","closed","","","","","尚未完成当前规则页核验；未知不代表没有 AutoModerator 隐藏门槛。","是"
"r/InternetFriends","unknown","2026-07-14T18:30:00+08:00","","","","","","","","","","","","closed","","","","","尚未完成当前规则页核验；未知不代表没有 AutoModerator 隐藏门槛。","是"
"r/InternetIsBeautiful","verified_qualitative","2026-07-14T19:20:00+08:00","","","","","","","","","","","网站不得要求 email/name/个人信息、登录、waitlist/newsletter；90/10 self-promotion rule：最近 Reddit 活动至少 90% 与自有网站无关；禁 articles/videos/images。","conditional","direct_chrome_rules_submit","https://www.reddit.com/mod/InternetIsBeautiful/rules/","https://www.reddit.com/r/InternetIsBeautiful/submit/?type=TEXT","当前规则：No accounts designed for self-promotion；遵循 90/10 rule，若最近活动几乎都在宣传自制内容则不允许发帖；网站完整体验不得要求个人信息/账号；禁止 articles/videos/images。","当前页面未发现公开 account age、karma、verified email 或 Join 年龄数字；90/10 是参与历史/内容门槛而非最低 karma。AutoModerator hidden conditions unknown。","yes"
"r/introvert","unknown","2026-07-14T18:30:00+08:00","","","","","","","","","","","","closed","","","","","尚未完成当前规则页核验；未知不代表没有 AutoModerator 隐藏门槛。","是"
"r/IntrovertsChat","unknown","2026-07-14T18:30:00+08:00","","","","","","","","","","","","closed","","","","","尚未完成当前规则页核验；未知不代表没有 AutoModerator 隐藏门槛。","是"
"r/IntrovertsSafeDating","unknown","2026-07-14T18:30:00+08:00","","","","","","","","","","","","closed","","","","","尚未完成当前规则页核验；未知不代表没有 AutoModerator 隐藏门槛。","是"
"r/ios","unknown","2026-07-14T18:30:00+08:00","","","","","","","","","","","","conditional","","","","","尚未完成当前规则页核验；未知不代表没有 AutoModerator 隐藏门槛。","是"
"r/iosapps","unknown","2026-07-14T18:30:00+08:00","","","","","","","","","","","","closed","","","","","尚未完成当前规则页核验；未知不代表没有 AutoModerator 隐藏门槛。","是"
"r/iOSAppsMarketing","unknown","2026-07-14T18:30:00+08:00","","","","","","","","","","","","conditional","","","","","尚未完成当前规则页核验；未知不代表没有 AutoModerator 隐藏门槛。","是"
"r/iOSProgramming","unknown","2026-07-14T18:30:00+08:00","","","","","","","","","","","","closed","","","","","尚未完成当前规则页核验；未知不代表没有 AutoModerator 隐藏门槛。","是"
"r/IPhoneApps","unknown","2026-07-14T18:30:00+08:00","","","","","","","","","","","","closed","","","","","尚未完成当前规则页核验；未知不代表没有 AutoModerator 隐藏门槛。","是"
"r/itookapicture","unknown","2026-07-14T18:30:00+08:00","","","","","","","","","","","","closed","","","","","尚未完成当前规则页核验；未知不代表没有 AutoModerator 隐藏门槛。","是"
"r/JurassicWorldAlive","unknown","2026-07-14T18:30:00+08:00","","","","","","","","","","","","closed","","","","","尚未完成当前规则页核验；未知不代表没有 AutoModerator 隐藏门槛。","是"
"r/KindroidAI","unknown","2026-07-14T18:30:00+08:00","","","","","","","","","","","","closed","","","","","尚未完成当前规则页核验；未知不代表没有 AutoModerator 隐藏门槛。","是"
"r/LDR","unknown","2026-07-14T18:30:00+08:00","","","","","","","","","","","","closed","","","","","尚未完成当前规则页核验；未知不代表没有 AutoModerator 隐藏门槛。","是"
"r/learnart","unknown","2026-07-14T18:30:00+08:00","","","","","","","","","","","","conditional","","","","","尚未完成当前规则页核验；未知不代表没有 AutoModerator 隐藏门槛。","是"
"r/LEGOfortnite","unknown","2026-07-14T18:30:00+08:00","","","","","","","","","","","","closed","","","","","尚未完成当前规则页核验；未知不代表没有 AutoModerator 隐藏门槛。","是"
"r/LetsTalkMusic","unknown","2026-07-14T18:30:00+08:00","","","","","","","","","","","","closed","","","","","尚未完成当前规则页核验；未知不代表没有 AutoModerator 隐藏门槛。","是"
"r/Letterboxing","unknown","2026-07-14T18:30:00+08:00","","","","","","","","","","","","closed","","","","","尚未完成当前规则页核验；未知不代表没有 AutoModerator 隐藏门槛。","是"
"r/Life360","unknown","2026-07-14T18:30:00+08:00","","","","","","","","","","","","closed","","","","","尚未完成当前规则页核验；未知不代表没有 AutoModerator 隐藏门槛。","是"
"r/Lightbulb","unknown","2026-07-14T18:30:00+08:00","","","","","","","","","","","","conditional","","","","","尚未完成当前规则页核验；未知不代表没有 AutoModerator 隐藏门槛。","是"
"r/LocalLLaMA","unknown","2026-07-14T18:30:00+08:00","","","","","","","","","","","","closed","","","","","尚未完成当前规则页核验；未知不代表没有 AutoModerator 隐藏门槛。","是"
"r/localmultiplayergames","unknown","2026-07-14T18:30:00+08:00","","","","","","","","","","","","closed","","","","","尚未完成当前规则页核验；未知不代表没有 AutoModerator 隐藏门槛。","是"
"r/locketapp","unknown","2026-07-14T18:30:00+08:00","","","","","","","","","","","","closed","","","","","尚未完成当前规则页核验；未知不代表没有 AutoModerator 隐藏门槛。","是"
"r/LongDistance","unknown","2026-07-14T18:30:00+08:00","","","","","","","","","","","","closed","","","","","尚未完成当前规则页核验；未知不代表没有 AutoModerator 隐藏门槛。","是"
"r/MakeNewFriendsHere","unknown","2026-07-14T18:30:00+08:00","","","","","","","","","","","","closed","","","","","尚未完成当前规则页核验；未知不代表没有 AutoModerator 隐藏门槛。","是"
"r/MakeRedditFriends","unknown","2026-07-14T18:30:00+08:00","","","","","","","","","","","","closed","","","","","尚未完成当前规则页核验；未知不代表没有 AutoModerator 隐藏门槛。","是"
"r/MetaQuestVR","unknown","2026-07-14T18:30:00+08:00","","","","","","","","","","","","conditional","","","","","尚未完成当前规则页核验；未知不代表没有 AutoModerator 隐藏门槛。","是"
"r/microsaas","unknown","2026-07-14T18:30:00+08:00","","","","","","","","","","","","conditional","","","","","尚未完成当前规则页核验；未知不代表没有 AutoModerator 隐藏门槛。","是"
"r/Minecraft","unknown","2026-07-14T18:30:00+08:00","","","","","","","","","","","","closed","","","","","尚未完成当前规则页核验；未知不代表没有 AutoModerator 隐藏门槛。","是"
"r/mixedreality","unknown","2026-07-14T18:30:00+08:00","","","","","","","","","","","","conditional","","","","","尚未完成当前规则页核验；未知不代表没有 AutoModerator 隐藏门槛。","是"
"r/moviequestions","unknown","2026-07-14T18:30:00+08:00","","","","","","","","","","","","closed","","","","","尚未完成当前规则页核验；未知不代表没有 AutoModerator 隐藏门槛。","是"
"r/movies","unknown","2026-07-14T18:30:00+08:00","","","","","","","","","","","","conditional","","","","","尚未完成当前规则页核验；未知不代表没有 AutoModerator 隐藏门槛。","是"
"r/MoviesAndTVTalk","unknown","2026-07-14T18:30:00+08:00","","","","","","","","","","","","closed","","","","","尚未完成当前规则页核验；未知不代表没有 AutoModerator 隐藏门槛。","是"
"r/MovieSuggestions","unknown","2026-07-14T18:30:00+08:00","","","","","","","","","","","","closed","","","","","尚未完成当前规则页核验；未知不代表没有 AutoModerator 隐藏门槛。","是"
"r/munzee","unknown","2026-07-14T18:30:00+08:00","","","","","","","","","","","","closed","","","","","尚未完成当前规则页核验；未知不代表没有 AutoModerator 隐藏门槛。","是"
"r/music","unknown","2026-07-14T18:30:00+08:00","","","","","","","","","","","","conditional","","","","","尚未完成当前规则页核验；未知不代表没有 AutoModerator 隐藏门槛。","是"
"r/musicians","unknown","2026-07-14T18:30:00+08:00","","","","","","","","","","","","conditional","","","","","尚未完成当前规则页核验；未知不代表没有 AutoModerator 隐藏门槛。","是"
"r/musicmarketing","unknown","2026-07-14T18:30:00+08:00","","","","","","","","","","","","closed","","","","","尚未完成当前规则页核验；未知不代表没有 AutoModerator 隐藏门槛。","是"
"r/MusicPromotion","unknown","2026-07-14T18:30:00+08:00","","","","","","","","","","","","closed","","","","","尚未完成当前规则页核验；未知不代表没有 AutoModerator 隐藏门槛。","是"
"r/musicteenager","unknown","2026-07-14T18:30:00+08:00","","","","","","","","","","","","closed","","","","","尚未完成当前规则页核验；未知不代表没有 AutoModerator 隐藏门槛。","是"
"r/MyBoyfriendIsAI","unknown","2026-07-14T18:30:00+08:00","","","","","","","","","","","","closed","","","","","尚未完成当前规则页核验；未知不代表没有 AutoModerator 隐藏门槛。","是"
"r/nextjs","unknown","2026-07-14T18:30:00+08:00","","","","","","","","","","","","closed","","","","","尚未完成当前规则页核验；未知不代表没有 AutoModerator 隐藏门槛。","是"
"r/NianticWayfarer","unknown","2026-07-14T18:30:00+08:00","","","","","","","","","","","","closed","","","","","尚未完成当前规则页核验；未知不代表没有 AutoModerator 隐藏门槛。","是"
"r/NoMansSkyTheGame","unknown","2026-07-14T18:30:00+08:00","","","","","","","","","","","","closed","","","","","尚未完成当前规则页核验；未知不代表没有 AutoModerator 隐藏门槛。","是"
"r/Notion","unknown","2026-07-14T18:30:00+08:00","","","","","","","","","","","","closed","","","","","尚未完成当前规则页核验；未知不代表没有 AutoModerator 隐藏门槛。","是"
"r/ObsidianMD","unknown","2026-07-14T18:30:00+08:00","","","","","","","","","","","","closed","","","","","尚未完成当前规则页核验；未知不代表没有 AutoModerator 隐藏门槛。","是"
"r/oculus","unknown","2026-07-14T18:30:00+08:00","","","","","","","","","","","","closed","","","","","尚未完成当前规则页核验；未知不代表没有 AutoModerator 隐藏门槛。","是"
"r/OculusQuest","unknown","2026-07-14T18:30:00+08:00","","","","","","","","","","","","closed","","","","","尚未完成当前规则页核验；未知不代表没有 AutoModerator 隐藏门槛。","是"
"r/OpenSource","unknown","2026-07-14T18:30:00+08:00","","","","","","","","","","","","conditional","","","","","尚未完成当前规则页核验；未知不代表没有 AutoModerator 隐藏门槛。","是"
"r/OrnaRPG","unknown","2026-07-14T18:30:00+08:00","","","","","","","","","","","","closed","","","","","尚未完成当前规则页核验；未知不代表没有 AutoModerator 隐藏门槛。","是"
"r/Outdoors","unknown","2026-07-14T18:30:00+08:00","","","","","","","","","","","","closed","","","","","尚未完成当前规则页核验；未知不代表没有 AutoModerator 隐藏门槛。","是"
"r/Palia","unknown","2026-07-14T18:30:00+08:00","","","","","","","","","","","","closed","","","","","尚未完成当前规则页核验；未知不代表没有 AutoModerator 隐藏门槛。","是"
"r/penpals","unknown","2026-07-14T18:30:00+08:00","","","","","","","","","","","","closed","","","","","尚未完成当前规则页核验；未知不代表没有 AutoModerator 隐藏门槛。","是"
"r/photocritique","unknown","2026-07-14T18:30:00+08:00","","","","","","","","","","","","conditional","","","","","尚未完成当前规则页核验；未知不代表没有 AutoModerator 隐藏门槛。","是"
"r/photographs","unknown","2026-07-14T18:30:00+08:00","","","","","","","","","","","","conditional","","","","","尚未完成当前规则页核验；未知不代表没有 AutoModerator 隐藏门槛。","是"
"r/photography","verified_qualitative","2026-07-14T19:20:00+08:00","","","","","","","","yes","","equipment/troubleshooting/pricing/post-processing questions进入 Official Question thread；图片分享进入 community threads。","主帖需摄影相关且有足够 context；禁 blogspam、广告、referral、survey/market research、karmawhoring；self-promotion 受 10%/相关 weekly thread 约束。","conditional","direct_chrome_rules_submit","https://www.reddit.com/mod/photography/rules/","https://www.reddit.com/r/photography/submit/?type=TEXT","当前规则：equipment/troubleshooting/pricing/post-processing/style 问题进最近 Official Question thread；stand-alone questions 要有 minimum context；禁 spam/self-promotion、survey/market research；submit 页要求 Add flair and tags。","当前页面未发现公开 account age、karma、verified email 或 Join 年龄数字；10% 是自推比例规则，不是账号最低 karma。AutoModerator/manual review 隐藏条件 unknown。","yes"
"r/PhotographyAdvice","unknown","2026-07-14T18:30:00+08:00","","","","","","","","","","","","closed","","","","","尚未完成当前规则页核验；未知不代表没有 AutoModerator 隐藏门槛。","是"
"r/PikminBloomApp","unknown","2026-07-14T18:30:00+08:00","","","","","","","","","","","","closed","","","","","尚未完成当前规则页核验；未知不代表没有 AutoModerator 隐藏门槛。","是"
"r/playmygame","unknown","2026-07-14T18:30:00+08:00","","","","","","","","","","","","conditional","","","","","尚未完成当前规则页核验；未知不代表没有 AutoModerator 隐藏门槛。","是"
"r/playtesters","unknown","2026-07-14T18:30:00+08:00","","","","","","","","","","","","closed","","","","","尚未完成当前规则页核验；未知不代表没有 AutoModerator 隐藏门槛。","是"
"r/pokemongo","unknown","2026-07-14T18:30:00+08:00","","","","","","","","","","","","closed","","","","","尚未完成当前规则页核验；未知不代表没有 AutoModerator 隐藏门槛。","是"
"r/productivity","unknown","2026-07-14T18:30:00+08:00","","","","","","","","","","","","closed","","","","","尚未完成当前规则页核验；未知不代表没有 AutoModerator 隐藏门槛。","是"
"r/ProductivityApps","unknown","2026-07-14T18:30:00+08:00","","","","","","","","","","","","closed","","","","","尚未完成当前规则页核验；未知不代表没有 AutoModerator 隐藏门槛。","是"
"r/Productivitycafe","unknown","2026-07-14T18:30:00+08:00","","","","","","","","","","","","closed","","","","","尚未完成当前规则页核验；未知不代表没有 AutoModerator 隐藏门槛。","是"
"r/ProductivityHQ","unknown","2026-07-14T18:30:00+08:00","","","","","","","","","","","","closed","","","","","尚未完成当前规则页核验；未知不代表没有 AutoModerator 隐藏门槛。","是"
"r/PS4Dreams","unknown","2026-07-14T18:30:00+08:00","","","","","","","","","","","","closed","","","","","尚未完成当前规则页核验；未知不代表没有 AutoModerator 隐藏门槛。","是"
"r/randonauts","unknown","2026-07-14T18:30:00+08:00","","","","","","","","","","","","closed","","","","","尚未完成当前规则页核验；未知不代表没有 AutoModerator 隐藏门槛。","是"
"r/reactjs","unknown","2026-07-14T18:30:00+08:00","","","","","","","","","","","","closed","","","","","尚未完成当前规则页核验；未知不代表没有 AutoModerator 隐藏门槛。","是"
"r/RecRoom","unknown","2026-07-14T18:30:00+08:00","","","","","","","","","","","","closed","","","","","尚未完成当前规则页核验；未知不代表没有 AutoModerator 隐藏门槛。","是"
"r/replika","unknown","2026-07-14T18:30:00+08:00","","","","","","","","","","","","closed","","","","","尚未完成当前规则页核验；未知不代表没有 AutoModerator 隐藏门槛。","是"
"r/roadtrip","unknown","2026-07-14T18:30:00+08:00","","","","","","","","","","","","closed","","","","","尚未完成当前规则页核验；未知不代表没有 AutoModerator 隐藏门槛。","是"
"r/roastmystartup","unknown","2026-07-14T18:30:00+08:00","","","","","","","","","","","","conditional","","","","","尚未完成当前规则页核验；未知不代表没有 AutoModerator 隐藏门槛。","是"
"r/roblox","unknown","2026-07-14T18:30:00+08:00","","","","","","","","","","","","closed","","","","","尚未完成当前规则页核验；未知不代表没有 AutoModerator 隐藏门槛。","是"
"r/robloxgamedev","unknown","2026-07-14T18:30:00+08:00","","","","","","","","","","","","closed","","","","","尚未完成当前规则页核验；未知不代表没有 AutoModerator 隐藏门槛。","是"
"r/roommates","unknown","2026-07-14T18:30:00+08:00","","","","","","","","","","","","conditional","","","","","尚未完成当前规则页核验；未知不代表没有 AutoModerator 隐藏门槛。","是"
"r/Runner5","unknown","2026-07-14T18:30:00+08:00","","","","","","","","","","","","closed","","","","","尚未完成当前规则页核验；未知不代表没有 AutoModerator 隐藏门槛。","是"
"r/SaaS","unknown","2026-07-14T18:30:00+08:00","","","","","","","","","","","","closed","","","","","尚未完成当前规则页核验；未知不代表没有 AutoModerator 隐藏门槛。","是"
"r/secondlife","unknown","2026-07-14T18:30:00+08:00","","","","","","","","","","","","closed","","","","","尚未完成当前规则页核验；未知不代表没有 AutoModerator 隐藏门槛。","是"
"r/ShouldIbuythisgame","unknown","2026-07-14T18:30:00+08:00","","","","","","","","","","","","closed","","","","","尚未完成当前规则页核验；未知不代表没有 AutoModerator 隐藏门槛。","是"
"r/ShowMeYourApps","unknown","2026-07-14T18:30:00+08:00","","","","","","","","","","","","conditional","","","","","尚未完成当前规则页核验；未知不代表没有 AutoModerator 隐藏门槛。","是"
"r/ShowYourApp","unknown","2026-07-14T18:30:00+08:00","","","","","","","","","","","","conditional","","","","","尚未完成当前规则页核验；未知不代表没有 AutoModerator 隐藏门槛。","是"
"r/SideProject","unknown","2026-07-14T18:30:00+08:00","","","","","","","","","","","","conditional","","","","","尚未完成当前规则页核验；未知不代表没有 AutoModerator 隐藏门槛。","是"
"r/sideprojects","unknown","2026-07-14T18:30:00+08:00","","","","","","","","","","","","conditional","","","","","尚未完成当前规则页核验；未知不代表没有 AutoModerator 隐藏门槛。","是"
"r/Snapchat","unknown","2026-07-14T18:30:00+08:00","","","","","","","","","","","","closed","","","","","尚未完成当前规则页核验；未知不代表没有 AutoModerator 隐藏门槛。","是"
"r/socialanxiety","unknown","2026-07-14T18:30:00+08:00","","","","","","","","","","","","closed","","","","","尚未完成当前规则页核验；未知不代表没有 AutoModerator 隐藏门槛。","是"
"r/socialmedia","unknown","2026-07-14T18:30:00+08:00","","","","","","","","","","","","closed","","","","","尚未完成当前规则页核验；未知不代表没有 AutoModerator 隐藏门槛。","是"
"r/socialskills","unknown","2026-07-14T18:30:00+08:00","","","","","","","","","","","","closed","","","","","尚未完成当前规则页核验；未知不代表没有 AutoModerator 隐藏门槛。","是"
"r/soloboardgaming","unknown","2026-07-14T18:30:00+08:00","","","","","","","","","","","","closed","","","","","尚未完成当前规则页核验；未知不代表没有 AutoModerator 隐藏门槛。","是"
"r/SoloDevelopment","unknown","2026-07-14T18:30:00+08:00","","","","","","","","","","","","conditional","","","","","尚未完成当前规则页核验；未知不代表没有 AutoModerator 隐藏门槛。","是"
"r/solotravel","verified_qualitative","2026-07-14T19:20:00+08:00","","","","","","","","","modmail for AMA","Meetup/accommodation、rants/victory 进入 dedicated weekly thread；standalone newbie/anxiety 进入 weekly common room。","必须 solo-specific、具体日期/预算/行程/兴趣并自行研究；禁自推、survey、market research、poll、纯图/视频、独立外链和低 effort。","conditional","direct_chrome_rules_submit","https://www.reddit.com/mod/solotravel/rules/","https://www.reddit.com/r/solotravel/submit/?type=TEXT","当前规则/submit 提示：solo-specific；提供 dates, budget, itinerary, interests, plans；低 effort 无警告移除；meetup/accommodation 仅 weekly thread；禁 blogs/vlogs、surveys、market research、自推。","当前 Rules/About 与 submit 页未发现公开 account age、karma、verified email 或 Join 年龄数字；历史公开说明中的新账号人工审核未在本次当前规则页重现，因此不写成已确认数字。AutoModerator unknown。","yes"
"r/SomebodyMakeThis","unknown","2026-07-14T18:30:00+08:00","","","","","","","","","","","","conditional","","","","","尚未完成当前规则页核验；未知不代表没有 AutoModerator 隐藏门槛。","是"
"r/StableDiffusion","unknown","2026-07-14T18:30:00+08:00","","","","","","","","","","","","closed","","","","","尚未完成当前规则页核验；未知不代表没有 AutoModerator 隐藏门槛。","是"
"r/Startup_Ideas","unknown","2026-07-14T18:30:00+08:00","","","","","","","","","","","","conditional","","","","","尚未完成当前规则页核验；未知不代表没有 AutoModerator 隐藏门槛。","是"
"r/startups","unknown","2026-07-14T18:30:00+08:00","","","","","","","","","","","","closed","","","","","尚未完成当前规则页核验；未知不代表没有 AutoModerator 隐藏门槛。","是"
"r/StartupSoloFounder","unknown","2026-07-14T18:30:00+08:00","","","","","","","","","","","","closed","","","","","尚未完成当前规则页核验；未知不代表没有 AutoModerator 隐藏门槛。","是"
"r/streetphotography","unknown","2026-07-14T18:30:00+08:00","","","","","","","","","","","","closed","","","","","尚未完成当前规则页核验；未知不代表没有 AutoModerator 隐藏门槛。","是"
"r/Students","unknown","2026-07-14T18:30:00+08:00","","","","","","","","","","","","closed","","","","","尚未完成当前规则页核验；未知不代表没有 AutoModerator 隐藏门槛。","是"
"r/SwarmApp","unknown","2026-07-14T18:30:00+08:00","","","","","","","","","","","","closed","","","","","尚未完成当前规则页核验；未知不代表没有 AutoModerator 隐藏门槛。","是"
"r/swift","unknown","2026-07-14T18:30:00+08:00","","","","","","","","","","","","conditional","","","","","尚未完成当前规则页核验；未知不代表没有 AutoModerator 隐藏门槛。","是"
"r/television","unknown","2026-07-14T18:30:00+08:00","","","","","","","","","","","","conditional","","","","","尚未完成当前规则页核验；未知不代表没有 AutoModerator 隐藏门槛。","是"
"r/Terraria","unknown","2026-07-14T18:30:00+08:00","","","","","","","","","","","","closed","","","","","尚未完成当前规则页核验；未知不代表没有 AutoModerator 隐藏门槛。","是"
"r/TestersCommunity","unknown","2026-07-14T18:30:00+08:00","","","","","","","","","","","","conditional","","","","","尚未完成当前规则页核验；未知不代表没有 AutoModerator 隐藏门槛。","是"
"r/TestFlight","unknown","2026-07-14T18:30:00+08:00","","","","","","","","","","","","conditional","","","","","尚未完成当前规则页核验；未知不代表没有 AutoModerator 隐藏门槛。","是"
"r/TestMyApp","unknown","2026-07-14T18:30:00+08:00","","","","","","","","","","","","conditional","","","","","尚未完成当前规则页核验；未知不代表没有 AutoModerator 隐藏门槛。","是"
"r/thesims","unknown","2026-07-14T18:30:00+08:00","","","","","","","","","","","","closed","","","","","尚未完成当前规则页核验；未知不代表没有 AutoModerator 隐藏门槛。","是"
"r/threejs","unknown","2026-07-14T18:30:00+08:00","","","","","","","","","","","","conditional","","","","","尚未完成当前规则页核验；未知不代表没有 AutoModerator 隐藏门槛。","是"
"r/TowerUnite","unknown","2026-07-14T18:30:00+08:00","","","","","","","","","","","","closed","","","","","尚未完成当前规则页核验；未知不代表没有 AutoModerator 隐藏门槛。","是"
"r/travel","unknown","2026-07-14T18:30:00+08:00","","","","","","","","","","","","conditional","","","","","尚未完成当前规则页核验；未知不代表没有 AutoModerator 隐藏门槛。","是"
"r/traveladvice","unknown","2026-07-14T18:30:00+08:00","","","","","","","","","","","","closed","","","","","尚未完成当前规则页核验；未知不代表没有 AutoModerator 隐藏门槛。","是"
"r/TravelHacks","unknown","2026-07-14T18:30:00+08:00","","","","","","","","","","","","closed","","","","","尚未完成当前规则页核验；未知不代表没有 AutoModerator 隐藏门槛。","是"
"r/UI_Design","unknown","2026-07-14T18:30:00+08:00","","","","","","","","","","","","conditional","","","","","尚未完成当前规则页核验；未知不代表没有 AutoModerator 隐藏门槛。","是"
"r/Unity3D","unknown","2026-07-14T18:30:00+08:00","","","","","","","","","","","","conditional","","","","","尚未完成当前规则页核验；未知不代表没有 AutoModerator 隐藏门槛。","是"
"r/UnrealEngine","unknown","2026-07-14T18:30:00+08:00","","","","","","","","","","","","conditional","","","","","尚未完成当前规则页核验；未知不代表没有 AutoModerator 隐藏门槛。","是"
"r/urbanexploration","unknown","2026-07-14T18:30:00+08:00","","","","","","","","","","","","closed","","","","","尚未完成当前规则页核验；未知不代表没有 AutoModerator 隐藏门槛。","是"
"r/UrbanHell","unknown","2026-07-14T18:30:00+08:00","","","","","","","","","","","","closed","","","","","尚未完成当前规则页核验；未知不代表没有 AutoModerator 隐藏门槛。","是"
"r/Urbanism","unknown","2026-07-14T18:30:00+08:00","","","","","","","","","","","","closed","","","","","尚未完成当前规则页核验；未知不代表没有 AutoModerator 隐藏门槛。","是"
"r/Urbex","unknown","2026-07-14T18:30:00+08:00","","","","","","","","","","","","closed","","","","","尚未完成当前规则页核验；未知不代表没有 AutoModerator 隐藏门槛。","是"
"r/UXDesign","unknown","2026-07-14T18:30:00+08:00","","","","","","","","","","","","closed","","","","","尚未完成当前规则页核验；未知不代表没有 AutoModerator 隐藏门槛。","是"
"r/vibecoding","unknown","2026-07-14T18:30:00+08:00","","","","","","","","","","","","closed","","","","","尚未完成当前规则页核验；未知不代表没有 AutoModerator 隐藏门槛。","是"
"r/VideoEditing","unknown","2026-07-14T18:30:00+08:00","","","","","","","","","","","","conditional","","","","","尚未完成当前规则页核验；未知不代表没有 AutoModerator 隐藏门槛。","是"
"r/videography","verified_qualitative","2026-07-14T19:20:00+08:00","","","","","","","","yes","commercial-product official participation requires mod approval","camera buying advice 仅 monthly megathreads。","help/support 帖标题必须 descriptive；仅 videography 相关内容；moderator discretion applies。","conditional","direct_chrome_rules_submit","https://www.reddit.com/mod/videography/rules/","https://www.reddit.com/r/videography/submit/?type=TEXT","当前规则：商业产品如要 official capacity 参与需 message mods for approval；camera buying advice 仅 monthly megathreads；help/support 帖需 descriptive titles；moderator discretion。","当前页面未发现公开 account age、karma、verified email 或 Join 年龄数字；submit 页显示 flair control，但未证明所有 post 必须特定 flair。AutoModerator hidden conditions unknown。","yes"
"r/virtualreality","unknown","2026-07-14T18:30:00+08:00","","","","","","","","","","","","closed","","","","","尚未完成当前规则页核验；未知不代表没有 AutoModerator 隐藏门槛。","是"
"r/visionosdev","unknown","2026-07-14T18:30:00+08:00","","","","","","","","","","","","conditional","","","","","尚未完成当前规则页核验；未知不代表没有 AutoModerator 隐藏门槛。","是"
"r/VRchat","unknown","2026-07-14T18:30:00+08:00","","","","","","","","","","","","closed","","","","","尚未完成当前规则页核验；未知不代表没有 AutoModerator 隐藏门槛。","是"
"r/vrdev","unknown","2026-07-14T18:30:00+08:00","","","","","","","","","","","","conditional","","","","","尚未完成当前规则页核验；未知不代表没有 AutoModerator 隐藏门槛。","是"
"r/VRGaming","unknown","2026-07-14T18:30:00+08:00","","","","","","","","","","","","closed","","","","","尚未完成当前规则页核验；未知不代表没有 AutoModerator 隐藏门槛。","是"
"r/walking","unknown","2026-07-14T18:30:00+08:00","","","","","","","","","","","","closed","","","","","尚未完成当前规则页核验；未知不代表没有 AutoModerator 隐藏门槛。","是"
"r/walkingpics","unknown","2026-07-14T18:30:00+08:00","","","","","","","","","","","","closed","","","","","尚未完成当前规则页核验；未知不代表没有 AutoModerator 隐藏门槛。","是"
"r/WalkScape","unknown","2026-07-14T18:30:00+08:00","","","","","","","","","","","","closed","","","","","尚未完成当前规则页核验；未知不代表没有 AutoModerator 隐藏门槛。","是"
"r/WeAreTheMusicMakers","unknown","2026-07-14T18:30:00+08:00","","","","","","","","","","","","closed","","","","","尚未完成当前规则页核验；未知不代表没有 AutoModerator 隐藏门槛。","是"
"r/web_design","unknown","2026-07-14T18:30:00+08:00","","","","","","","","","","","","closed","","","","","尚未完成当前规则页核验；未知不代表没有 AutoModerator 隐藏门槛。","是"
"r/webdesign","unknown","2026-07-14T18:30:00+08:00","","","","","","","","","","","","closed","","","","","尚未完成当前规则页核验；未知不代表没有 AutoModerator 隐藏门槛。","是"
"r/webdev","unknown","2026-07-14T18:30:00+08:00","","","","","","","","","","","","closed","","","","","尚未完成当前规则页核验；未知不代表没有 AutoModerator 隐藏门槛。","是"
"r/WebGames","unknown","2026-07-14T18:30:00+08:00","","","","","","","","","","","","closed","","","","","尚未完成当前规则页核验；未知不代表没有 AutoModerator 隐藏门槛。","是"
"r/WebXR","unknown","2026-07-14T18:30:00+08:00","","","","","","","","","","","","conditional","","","","","尚未完成当前规则页核验；未知不代表没有 AutoModerator 隐藏门槛。","是"
"r/WeMetOnline","unknown","2026-07-14T18:30:00+08:00","","","","","","","","","","","","closed","","","","","尚未完成当前规则页核验；未知不代表没有 AutoModerator 隐藏门槛。","是"
"r/whereisthis","unknown","2026-07-14T18:30:00+08:00","","","","","","","","","","","","closed","","","","","尚未完成当前规则页核验；未知不代表没有 AutoModerator 隐藏门槛。","是"
"r/Widgetable","unknown","2026-07-14T18:30:00+08:00","","","","","","","","","","","","closed","","","","","尚未完成当前规则页核验；未知不代表没有 AutoModerator 隐藏门槛。","是"
"r/WildernessBackpacking","unknown","2026-07-14T18:30:00+08:00","","","","","","","","","","","","closed","","","","","尚未完成当前规则页核验；未知不代表没有 AutoModerator 隐藏门槛。","是"
"r/worldbuilding","unknown","2026-07-14T18:30:00+08:00","","","","","","","","","","","","closed","","","","","尚未完成当前规则页核验；未知不代表没有 AutoModerator 隐藏门槛。","是"
"r/ZEPETO_Official","unknown","2026-07-14T18:30:00+08:00","","","","","","","","","","","","closed","","","","","尚未完成当前规则页核验；未知不代表没有 AutoModerator 隐藏门槛。","是"
"r/ZepetoSuggestions","unknown","2026-07-14T18:30:00+08:00","","","","","","","","","","","","closed","","","","","尚未完成当前规则页核验；未知不代表没有 AutoModerator 隐藏门槛。","是"
