subreddit,tier,community_type,topic_tags,audience_tags,need_tags,format_tags,risk_tags,comment_route,post_route,product_route,launcher_state,weekly_visitors,weekly_contributions,traffic_checked_at,traffic_state,evidence_level,source
r/AdultGamers,catalog,泛游戏讨论与选择,gaming;entertainment_media,gamer;young_adult,discovery;entertainment_discussion,comment;question;text,promotion_restricted;topic_purity,research-only,closed,closed,research_only,25000,748,2026-07-14,pass,traffic_verified,subreddit-catalog-expansion-2026-07-14.csv
r/AfterEffects,catalog,motion design/AE 用户,ai;creative;photography_video;visual_art,artist_designer;creator,technical_help,,topic_purity,conditional,conditional,closed,candidate,,,,unknown,catalog_only,community-action-expansion-public-audit-2026-07-13.md
r/AI_Agents,B+,App / Startup / Builder,ai;product_app;startup_builder,indie_builder,discovery;technical_help,comment;image;showcase;text;video,account_gate;approval_gate;promotion_restricted,default,conditional,closed,candidate,,,,unknown,live_rules,loci-subreddit-pool-v1.md
r/aipartners,catalog,AI 陪伴、人格与关系讨论,ai;social_relationship;virtual_world,ai_user;social_participant,identity_avatar;lightweight_social;privacy_safety,comment;question;text,competitor_context;privacy_sensitive;promotion_restricted,research-only,closed,closed,research_only,5800,377,2026-07-14,pass,traffic_verified,subreddit-catalog-expansion-2026-07-14.csv
r/AIRelationships,catalog,AI 陪伴、人格与关系讨论,ai;social_relationship;virtual_world,ai_user;social_participant,identity_avatar;lightweight_social;privacy_safety,comment;question;text,competitor_context;privacy_sensitive;promotion_restricted,research-only,closed,closed,research_only,6600,967,2026-07-14,pass,traffic_verified,subreddit-catalog-expansion-2026-07-14.csv
r/alphaandbetausers,B,App / Startup / Builder,product_app;startup_builder;web,early_tester;indie_builder,feedback_testing;onboarding_ux,critique;image;text;video,account_gate;topic_purity,default,conditional,closed,candidate,,,,unknown,live_rules,loci-subreddit-pool-v1.md
r/AmateurPhotography,catalog,摄影作品、技巧与审美反馈,creative;photography_video;place,photographer_video_creator;place_explorer,creator_distribution;discovery;feedback_testing;place_memory,comment;critique;image;question,promotion_restricted;privacy_sensitive;topic_purity,research-only,closed,closed,research_only,33000,6200,2026-07-14,pass,traffic_verified,subreddit-catalog-expansion-2026-07-14.csv
r/Android,catalog,Android 用户/设备讨论,android;mobile,mobile_user,technical_help,,promotion_restricted;topic_purity,conditional,conditional,closed,candidate,440000,3200,2026-07-14,pass,catalog_only,community-action-expansion-public-audit-2026-07-13.md
r/AndroidApps,catalog,Android app 用户/推荐者,android;mobile;product_app,mobile_user,discovery,,promotion_restricted,conditional,closed,closed,candidate,373000,2100,2026-07-14,pass,public_rules,community-action-expansion-public-audit-2026-07-13.md
r/AndroidAppTesters,B+,App / Startup / Builder,android;developer;mobile;product_app;startup_builder,developer;early_tester;indie_builder,feedback_testing;technical_help,comment;critique;image;video,account_gate;competitor_context;topic_purity,default,conditional,closed,candidate,,,,unknown,live_rules,loci-subreddit-pool-v1.md
r/AndroidClosedTesting,B+,扩展 / 养号 / 素材反馈,android;developer,developer,feedback_testing;technical_help,comment;critique;image;video,account_gate,default,conditional,closed,candidate,,,,unknown,live_rules,loci-subreddit-pool-v1.md
r/AnimalCrossing,A,研究 / 观察,creative;social_relationship,friends_couples;gamer,co_creation;lightweight_social,comment;image;video,minors_sensitive;promotion_restricted;survey_restricted,research-only,closed,closed,research_only,,,,unknown,live_rules,loci-subreddit-pool-v1.md
r/animation,catalog,动画创作者/学习者,creative;ugc,creator,learning_productivity,showcase,promotion_restricted;topic_purity,conditional,conditional,closed,candidate,,,,unknown,catalog_only,community-action-expansion-public-audit-2026-07-13.md
r/Anime,catalog,动漫用户,entertainment_media,media_fan;young_adult,entertainment_discussion;identity_avatar,comment,,conditional,conditional,closed,candidate,2500000,48000,2026-07-14,pass,public_rules,community-action-expansion-public-audit-2026-07-13.md
r/AnimeAlley,catalog,动漫兴趣与推荐讨论,entertainment_media;social_relationship,media_fan;young_adult,discovery;entertainment_discussion;identity_avatar,comment;question;text,promotion_restricted;topic_purity;minors_sensitive,research-only,closed,closed,research_only,9400,747,2026-07-14,pass,traffic_verified,subreddit-catalog-expansion-2026-07-14.csv
r/AnimeDiscussion,catalog,动漫兴趣与推荐讨论,entertainment_media;social_relationship,media_fan;young_adult,discovery;entertainment_discussion;identity_avatar,comment;question;text,promotion_restricted;topic_purity;minors_sensitive,research-only,closed,closed,research_only,31000,1300,2026-07-14,pass,traffic_verified,subreddit-catalog-expansion-2026-07-14.csv
r/animequestions,catalog,动漫兴趣与推荐讨论,entertainment_media;social_relationship,media_fan;young_adult,discovery;entertainment_discussion;identity_avatar,comment;question;text,promotion_restricted;topic_purity;minors_sensitive,research-only,closed,closed,research_only,312000,18000,2026-07-14,pass,traffic_verified,subreddit-catalog-expansion-2026-07-14.csv
r/AnimeReccomendations,catalog,动漫兴趣与推荐讨论,entertainment_media;social_relationship,media_fan;young_adult,discovery;entertainment_discussion;identity_avatar,comment;question;text,promotion_restricted;topic_purity;minors_sensitive,research-only,closed,closed,research_only,209000,6500,2026-07-14,pass,traffic_verified,subreddit-catalog-expansion-2026-07-14.csv
r/Animesuggest,catalog,动漫兴趣与推荐讨论,entertainment_media;social_relationship,media_fan;young_adult,discovery;entertainment_discussion;identity_avatar,comment;question;text,promotion_restricted;topic_purity;minors_sensitive,research-only,closed,closed,research_only,228000,4500,2026-07-14,pass,traffic_verified,subreddit-catalog-expansion-2026-07-14.csv
r/AppBetaTesters,B+,App / Startup / Builder,developer;product_app;startup_builder,developer;early_tester;indie_builder,feedback_testing;technical_help,comment;critique;image;video,account_gate,default,conditional,closed,candidate,,,,unknown,live_rules,loci-subreddit-pool-v1.md
r/AppBusiness,B+,App / Startup / Builder,product_app;startup_builder,indie_builder,onboarding_ux,comment;critique;image;video,account_gate;competitor_context;promotion_restricted;topic_purity,default,conditional,closed,candidate,28000,2400,2026-07-14,pass,live_rules,loci-subreddit-pool-v1.md
r/AppDevelopers,catalog,移动应用、产品与开发讨论,mobile;product_app;startup_builder,early_tester;indie_builder;mobile_user,discovery;feedback_testing;onboarding_ux;technical_help,comment;question;text,account_gate;promotion_restricted;topic_purity,research-only,closed,closed,research_only,8900,1300,2026-07-14,pass,traffic_verified,subreddit-catalog-expansion-2026-07-14.csv
r/AppFeedback,B+,App / Startup / Builder,developer;product_app;startup_builder,developer;indie_builder,feedback_testing;onboarding_ux;technical_help,critique;image;text;video,account_gate,default,conditional,closed,candidate,,,,unknown,live_rules,loci-subreddit-pool-v1.md
r/AppIdeas,B,App / Startup / Builder,product_app;startup_builder,indie_builder,discovery;feedback_testing,image;text;video,account_gate;ai_restricted;promotion_restricted,default,conditional,closed,candidate,,,,unknown,live_rules,loci-subreddit-pool-v1.md
r/AppleVisionPro,A0,空间体验 / 研究层,ar_xr;ios;photography_video;product_app,spatial_user,onboarding_ux,comment;image;showcase;text;video,competitor_context;privacy_sensitive;promotion_restricted;survey_restricted,research-only,closed,closed,closed,,,,unknown,live_rules,loci-subreddit-pool-v1.md
r/apps,B,App 发现 / app 反馈,product_app,mobile_user;web_user,discovery;feedback_testing;onboarding_ux,comment;critique;image;text;video,account_gate;approval_gate;promotion_restricted;survey_restricted;topic_purity,research-only,closed,closed,research_only,57000,1200,2026-07-14,pass,live_rules,loci-subreddit-pool-v1.md
r/arkit,B+,App / Startup / Builder,ar_xr;developer;ios;mobile;product_app;startup_builder,developer;indie_builder,technical_help,critique;image;question;showcase;text;video,account_gate,default,conditional,closed,candidate,,,,unknown,live_rules,loci-subreddit-pool-v1.md
r/Art,catalog,艺术、设计与创作反馈,creative;visual_art,artist_designer;creator,creator_distribution;feedback_testing;learning_productivity,comment;critique;image;question;showcase,promotion_restricted;topic_purity,research-only,closed,closed,research_only,260000,4900,2026-07-14,pass,traffic_verified,subreddit-catalog-expansion-2026-07-14.csv
r/ArtCrit,catalog,数字/传统艺术 critique,creative;visual_art,artist_designer,feedback_testing,critique,,conditional,conditional,closed,candidate,,,,unknown,public_rules,community-action-expansion-public-audit-2026-07-13.md
r/ArtistLounge,catalog,艺术生活、材料、技法讨论,creative;visual_art,artist_designer,feedback_testing,image,promotion_restricted;survey_restricted,research-only,closed,closed,research_only,248000,3100,2026-07-14,pass,public_rules,community-action-expansion-public-audit-2026-07-13.md
r/AskGames,catalog,泛游戏讨论与选择,gaming;entertainment_media,gamer;young_adult,discovery;entertainment_discussion,comment;question;text,promotion_restricted;topic_purity,research-only,closed,closed,research_only,70000,2100,2026-07-14,pass,traffic_verified,subreddit-catalog-expansion-2026-07-14.csv
r/AskGenZ,catalog,年龄层问答,social_relationship;youth_campus,young_adult,discovery;lightweight_social,,topic_purity,research-only,closed,closed,research_only,,,,unknown,catalog_only,community-action-expansion-public-audit-2026-07-13.md
r/AskPhotography,catalog,摄影作品、技巧与审美反馈,creative;photography_video;place,photographer_video_creator;place_explorer,creator_distribution;discovery;feedback_testing;place_memory,comment;critique;image;question,promotion_restricted;privacy_sensitive;topic_purity,research-only,closed,closed,research_only,321000,6700,2026-07-14,pass,traffic_verified,subreddit-catalog-expansion-2026-07-14.csv
r/augmentedreality,B,App / Startup / Builder,ar_xr;place;product_app;startup_builder,indie_builder;place_explorer,privacy_safety,image;showcase;text;video,account_gate;privacy_sensitive;survey_restricted,default,conditional,closed,candidate,26000,401,2026-07-14,pass,live_rules,loci-subreddit-pool-v1.md
r/backpacking,catalog,旅行、户外、城市与地点发现,place;travel_outdoor,place_explorer;traveler_outdoor,discovery;place_memory;privacy_safety,comment;image;question;text,privacy_sensitive;promotion_restricted;topic_purity,research-only,closed,closed,research_only,249000,3600,2026-07-14,pass,traffic_verified,subreddit-catalog-expansion-2026-07-14.csv
r/BeginnerArtists,catalog,艺术、设计与创作反馈,creative;visual_art,artist_designer;creator,creator_distribution;feedback_testing;learning_productivity,comment;critique;image;question;showcase,promotion_restricted;topic_purity,research-only,closed,closed,research_only,42000,2200,2026-07-14,pass,traffic_verified,subreddit-catalog-expansion-2026-07-14.csv
r/bereal_app,A0,竞品 / 替代行为研究,product_app;social_relationship,friends_couples,identity_avatar;lightweight_social,comment;critique;image;question;text;video,competitor_context;privacy_sensitive;promotion_restricted;survey_restricted,research-only,closed,closed,closed,,,,unknown,live_rules,loci-subreddit-pool-v1.md
r/betatesters,B,App / Startup / Builder,ios;product_app;startup_builder,early_tester;indie_builder,feedback_testing,critique;image;text;video,account_gate;privacy_sensitive;promotion_restricted;survey_restricted,research-only,closed,closed,research_only,,,,unknown,live_rules,loci-subreddit-pool-v1.md
r/betatests,B+,App / Startup / Builder,android;ios;mobile;product_app;startup_builder,early_tester;indie_builder,feedback_testing,comment;critique;image;text;video,account_gate;privacy_sensitive,default,conditional,closed,candidate,,,,unknown,live_rules,loci-subreddit-pool-v1.md
r/blender,catalog,3D、VR 与空间计算生态,3d;ar_xr;creative;virtual_world,creator;gamer;spatial_user,co_creation;discovery;technical_help,comment;question;showcase;video,competitor_context;promotion_restricted;topic_purity,research-only,closed,closed,research_only,354000,8800,2026-07-14,pass,traffic_verified,subreddit-catalog-expansion-2026-07-14.csv
r/BoardgameDesign,catalog,社交游戏、共玩与世界玩法,gaming;social_relationship;virtual_world,gamer;social_participant;world_builder,co_creation;discovery;lightweight_social,comment;question;text;showcase,promotion_restricted;topic_purity;competitor_context,research-only,closed,closed,research_only,7900,782,2026-07-14,pass,traffic_verified,subreddit-catalog-expansion-2026-07-14.csv
r/BoardGames,catalog,桌游玩家和线下游戏群体,gaming;social_relationship,gamer,co_creation;lightweight_social,,promotion_restricted,conditional,conditional,closed,candidate,556000,14000,2026-07-14,pass,catalog_only,community-action-expansion-public-audit-2026-07-13.md
r/BuddyCrossing,A,研究 / 观察,gaming;social_relationship,gamer;social_participant,lightweight_social,comment;image;text,megathread_gate;promotion_restricted,research-only,closed,closed,research_only,,,,unknown,live_rules,loci-subreddit-pool-v1.md
r/buildinpublic,B+,App / Startup / Builder,developer;product_app;startup_builder,developer;indie_builder,technical_help,comment;critique;image;showcase;text;video,account_gate;privacy_sensitive;promotion_restricted,default,conditional,closed,candidate,,,,unknown,live_rules,loci-subreddit-pool-v1.md
r/CampingandHiking,catalog,旅行、户外、城市与地点发现,place;travel_outdoor,place_explorer;traveler_outdoor,discovery;place_memory;privacy_safety,comment;image;question;text,privacy_sensitive;promotion_restricted;topic_purity,research-only,closed,closed,research_only,162000,921,2026-07-14,pass,traffic_verified,subreddit-catalog-expansion-2026-07-14.csv
r/CasualConversation,A0,社交关系 / 陪伴研究,social_relationship,social_participant,lightweight_social,comment;image;question;text;video,competitor_context;privacy_sensitive;promotion_restricted;survey_restricted,research-only,closed,closed,closed,1000000,36000,2026-07-14,pass,live_rules,loci-subreddit-pool-v1.md
r/CharacterAI,A0,竞品 / 替代行为研究,ai,ai_user,identity_avatar,comment;image;text;video,account_gate;competitor_context;privacy_sensitive;promotion_restricted;survey_restricted,research-only,closed,closed,closed,299000,10000,2026-07-14,pass,live_rules,loci-subreddit-pool-v1.md
r/ChatGPT,A,App / Startup / Builder,ai;developer;photography_video;product_app;startup_builder,ai_user;developer;indie_builder,discovery;technical_help,comment;image;text;video,privacy_sensitive;promotion_restricted;topic_purity,research-only,closed,closed,research_only,,,,unknown,live_rules,loci-subreddit-pool-v1.md
r/ChatGPTCoding,B+,App / Startup / Builder,ai;developer;product_app;startup_builder,ai_user;developer;indie_builder,technical_help,critique;image;showcase;text;video,account_gate;ai_restricted;promotion_restricted,default,conditional,closed,candidate,,,,unknown,live_rules,loci-subreddit-pool-v1.md
r/Cinema,catalog,电影与电视泛娱乐讨论,entertainment_media,media_fan;young_adult,discovery;entertainment_discussion,comment;question;text,promotion_restricted;topic_purity,research-only,closed,closed,research_only,636000,27000,2026-07-14,pass,traffic_verified,subreddit-catalog-expansion-2026-07-14.csv
r/CitiesSkylines,catalog,社交游戏、共玩与世界玩法,gaming;social_relationship;virtual_world,gamer;social_participant;world_builder,co_creation;discovery;lightweight_social,comment;question;text;showcase,promotion_restricted;topic_purity;competitor_context,research-only,closed,closed,research_only,177000,3500,2026-07-14,pass,traffic_verified,subreddit-catalog-expansion-2026-07-14.csv
r/CityPorn,catalog,旅行、户外、城市与地点发现,place;travel_outdoor,place_explorer;traveler_outdoor,discovery;place_memory;privacy_safety,comment;image;question;text,privacy_sensitive;promotion_restricted;topic_purity,research-only,closed,closed,research_only,41000,724,2026-07-14,pass,traffic_verified,subreddit-catalog-expansion-2026-07-14.csv
r/ClaudeAI,A,研究 / 观察,ai;developer,developer,technical_help,comment;image;text;video,account_gate;competitor_context;promotion_restricted,research-only,closed,closed,research_only,,,,unknown,live_rules,loci-subreddit-pool-v1.md
r/college,B,App / Startup / Builder,product_app;social_relationship;startup_builder;youth_campus,friends_couples;indie_builder;student,learning_productivity;lightweight_social,image;question;text;video,account_gate;promotion_restricted;survey_restricted,research-only,closed,closed,research_only,214000,923,2026-07-14,pass,live_rules,loci-subreddit-pool-v1.md
r/collegeadvice,B,学生生活 / 大学场景,ai;youth_campus,student,learning_productivity,comment;image;question;text;video,account_gate;ai_restricted;minors_sensitive;privacy_sensitive;promotion_restricted;survey_restricted;topic_purity,research-only,closed,closed,research_only,16000,1200,2026-07-14,pass,live_rules,loci-subreddit-pool-v1.md
r/CollegeRant,B,校园抱怨 / 学生痛点,youth_campus,student,learning_productivity,comment;image;question;text;video,account_gate;approval_gate;privacy_sensitive;promotion_restricted;survey_restricted,research-only,closed,closed,research_only,63000,1200,2026-07-14,pass,live_rules,loci-subreddit-pool-v1.md
r/Constructedadventures,B,公共相邻 / 主验证,place,place_explorer;world_builder,onboarding_ux;place_memory,comment;critique;image;question;video,account_gate;promotion_restricted,default,conditional,closed,candidate,,,,unknown,live_rules,loci-subreddit-pool-v1.md
r/CozyGamers,A0,cozy 游戏 / 轻互动,gaming;startup_builder,gamer;indie_builder,creator_distribution;lightweight_social,comment;critique;image;megathread;video,account_gate;megathread_gate;promotion_restricted,research-only,closed,closed,closed,,,,unknown,deny,loci-subreddit-pool-v1.md
r/crafts,catalog,艺术、设计与创作反馈,creative;visual_art,artist_designer;creator,creator_distribution;feedback_testing;learning_productivity,comment;critique;image;question;showcase,promotion_restricted;topic_purity,research-only,closed,closed,research_only,211000,4700,2026-07-14,pass,traffic_verified,subreddit-catalog-expansion-2026-07-14.csv
r/cursor,B,研究 / 观察,ai;developer,developer,feedback_testing;onboarding_ux;technical_help,comment;critique;image;question;video,account_gate;competitor_context;promotion_restricted,default,conditional,closed,candidate,,,,unknown,live_rules,loci-subreddit-pool-v1.md
r/DatingApps,catalog,年轻人、朋友与轻社交讨论,social_relationship;youth_campus,social_participant;young_adult,lightweight_social;privacy_safety,comment;question;text,minors_sensitive;privacy_sensitive;promotion_restricted,research-only,closed,closed,research_only,38000,420,2026-07-14,pass,traffic_verified,subreddit-catalog-expansion-2026-07-14.csv
r/Design,catalog,艺术、设计与创作反馈,creative;visual_art,artist_designer;creator,creator_distribution;feedback_testing;learning_productivity,comment;critique;image;question;showcase,promotion_restricted;topic_purity,research-only,closed,closed,research_only,136000,1700,2026-07-14,pass,traffic_verified,subreddit-catalog-expansion-2026-07-14.csv
r/design_critiques,B+,App / Startup / Builder,creative;photography_video;product_app;startup_builder;visual_art,artist_designer;indie_builder,feedback_testing;onboarding_ux,comment;critique;image;showcase;text;video,account_gate,default,conditional,closed,candidate,,,,unknown,live_rules,loci-subreddit-pool-v1.md
r/DesignJobs,catalog,艺术、设计与创作反馈,creative;visual_art,artist_designer;creator,creator_distribution;feedback_testing;learning_productivity,comment;critique;image;question;showcase,promotion_restricted;topic_purity,research-only,closed,closed,research_only,6000,804,2026-07-14,pass,traffic_verified,subreddit-catalog-expansion-2026-07-14.csv
r/DigitalArt,catalog,艺术、设计与创作反馈,creative;visual_art,artist_designer;creator,creator_distribution;feedback_testing;learning_productivity,comment;critique;image;question;showcase,promotion_restricted;topic_purity,research-only,closed,closed,research_only,103000,5300,2026-07-14,pass,traffic_verified,subreddit-catalog-expansion-2026-07-14.csv
r/DigitalPainting,catalog,艺术、设计与创作反馈,creative;visual_art,artist_designer;creator,creator_distribution;feedback_testing;learning_productivity,comment;critique;image;question;showcase,promotion_restricted;topic_purity,research-only,closed,closed,research_only,26000,416,2026-07-14,pass,traffic_verified,subreddit-catalog-expansion-2026-07-14.csv
r/discordapp,A0,App / Startup / Builder,product_app;social_relationship;startup_builder,friends_couples;indie_builder,privacy_safety,comment;image;megathread;text;video,account_gate;competitor_context;megathread_gate;privacy_sensitive;promotion_restricted;survey_restricted,research-only,closed,closed,closed,,,,unknown,live_rules,loci-subreddit-pool-v1.md
r/droidappshowcase,catalog,Android app 创作者/反馈者,android;creative;mobile;product_app;ugc,creator,creator_distribution;feedback_testing,critique;showcase,,conditional,conditional,closed,candidate,,,,unknown,public_rules,community-action-expansion-public-audit-2026-07-13.md
r/Entrepreneur,B,公共相邻 / 主验证,startup_builder,indie_builder,discovery;feedback_testing,comment;image;text;video,approval_gate;promotion_restricted;survey_restricted;topic_purity,research-only,closed,closed,research_only,,,,unknown,live_rules,loci-subreddit-pool-v1.md
r/EntrepreneurRideAlong,B+,扩展 / 养号 / 素材反馈,startup_builder,indie_builder,feedback_testing,comment;critique;image;video,account_gate;promotion_restricted,default,conditional,closed,candidate,,,,unknown,live_rules,loci-subreddit-pool-v1.md
r/FIlm,catalog,电影与电视泛娱乐讨论,entertainment_media,media_fan;young_adult,discovery;entertainment_discussion,comment;question;text,promotion_restricted;topic_purity,research-only,closed,closed,research_only,1100000,24000,2026-07-14,pass,traffic_verified,subreddit-catalog-expansion-2026-07-14.csv
r/Filmmakers,catalog,影视制作人,creative;entertainment_media;photography_video,creator;photographer_video_creator,technical_help,,topic_purity,conditional,conditional,closed,candidate,,,,unknown,catalog_only,community-action-expansion-public-audit-2026-07-13.md
r/filmphotography,catalog,摄影作品、技巧与审美反馈,creative;photography_video;place,photographer_video_creator;place_explorer,creator_distribution;discovery;feedback_testing;place_memory,comment;critique;image;question,promotion_restricted;privacy_sensitive;topic_purity,research-only,closed,closed,research_only,27000,900,2026-07-14,pass,traffic_verified,subreddit-catalog-expansion-2026-07-14.csv
r/films,catalog,电影与电视泛娱乐讨论,entertainment_media,media_fan;young_adult,discovery;entertainment_discussion,comment;question;text,promotion_restricted;topic_purity,research-only,closed,closed,research_only,15000,2000,2026-07-14,pass,traffic_verified,subreddit-catalog-expansion-2026-07-14.csv
r/FineArtPhoto,catalog,摄影作品、技巧与审美反馈,creative;photography_video;place,photographer_video_creator;place_explorer,creator_distribution;discovery;feedback_testing;place_memory,comment;critique;image;question,promotion_restricted;privacy_sensitive;topic_purity,research-only,closed,closed,research_only,5400,279,2026-07-14,pass,traffic_verified,subreddit-catalog-expansion-2026-07-14.csv
r/FlutterDev,B+,App / Startup / Builder,developer;mobile;product_app;startup_builder,developer;indie_builder,onboarding_ux;technical_help,comment;critique;image;question;text;video,account_gate;ai_restricted;promotion_restricted,conditional,closed,closed,candidate,,,,unknown,live_rules,loci-subreddit-pool-v1.md
r/FortniteCreative,A,研究 / 观察,creative;gaming;ugc,creator;gamer;world_builder,feedback_testing,comment;critique;image;text;video,competitor_context;promotion_restricted,research-only,closed,closed,research_only,,,,unknown,live_rules,loci-subreddit-pool-v1.md
r/Foursquare,A0,App / Startup / Builder,place;product_app;social_relationship;startup_builder,friends_couples;indie_builder,lightweight_social;place_memory;privacy_safety,comment;image;text;video,account_gate;competitor_context;privacy_sensitive,research-only,closed,closed,closed,,,,unknown,live_rules,loci-subreddit-pool-v1.md
r/FRIEND,catalog,年轻人、朋友与轻社交讨论,social_relationship;youth_campus,social_participant;young_adult,lightweight_social;privacy_safety,comment;question;text,minors_sensitive;privacy_sensitive;promotion_restricted,research-only,closed,closed,research_only,11000,2100,2026-07-14,pass,traffic_verified,subreddit-catalog-expansion-2026-07-14.csv
r/friendship,A0,找朋友 / 轻连接,social_relationship,friends_couples;social_participant,lightweight_social,comment;image;text;video,competitor_context;minors_sensitive;privacy_sensitive;promotion_restricted,research-only,closed,closed,closed,26000,1700,2026-07-14,pass,live_rules,loci-subreddit-pool-v1.md
r/FriendshipAdvice,A0,友情关系 / 关系痛点,social_relationship,friends_couples,lightweight_social,comment;image;text;video,account_gate;competitor_context;privacy_sensitive;survey_restricted,research-only,closed,closed,closed,88000,4300,2026-07-14,pass,live_rules,loci-subreddit-pool-v1.md
r/gamedesign,B,游戏机制 / 玩法讨论,gaming,developer;gamer;world_builder,co_creation;technical_help,comment;image;question;text;video,account_gate;promotion_restricted;topic_purity,research-only,closed,closed,research_only,,,,unknown,live_rules,loci-subreddit-pool-v1.md
r/gamedev,A0,游戏 / 创作 / 开发,ai;creative;developer;gaming;startup_builder,developer;gamer;indie_builder,feedback_testing;technical_help,comment;critique;image;showcase;text;video,account_gate;ai_restricted;competitor_context;promotion_restricted,research-only,closed,closed,closed,,,,unknown,deny,loci-subreddit-pool-v1.md
r/gamedevscreens,B+,游戏视觉 / demo 展示,3d;developer;gaming;startup_builder,indie_builder,feedback_testing;technical_help,comment;critique;image;showcase;text;video,account_gate;promotion_restricted,default,conditional,closed,candidate,,,,unknown,live_rules,loci-subreddit-pool-v1.md
r/GamerPals,B,游戏社交 / 找队友,gaming;social_relationship,gamer;social_participant,lightweight_social,comment;image;text;video,account_gate;promotion_restricted;topic_purity,default,conditional,closed,candidate,38000,6300,2026-07-14,pass,live_rules,loci-subreddit-pool-v1.md
r/Games,catalog,泛游戏讨论与选择,gaming;entertainment_media,gamer;young_adult,discovery;entertainment_discussion,comment;question;text,promotion_restricted;topic_purity,research-only,closed,closed,research_only,1100000,32000,2026-07-14,pass,traffic_verified,subreddit-catalog-expansion-2026-07-14.csv
r/GamesOnReddit,catalog,社交游戏、共玩与世界玩法,gaming;social_relationship;virtual_world,gamer;social_participant;world_builder,co_creation;discovery;lightweight_social,comment;question;text;showcase,promotion_restricted;topic_purity;competitor_context,research-only,closed,closed,research_only,39000,457,2026-07-14,pass,traffic_verified,subreddit-catalog-expansion-2026-07-14.csv
r/gamesuggestions,catalog,泛游戏讨论与选择,gaming;entertainment_media,gamer;young_adult,discovery;entertainment_discussion,comment;question;text,promotion_restricted;topic_purity,research-only,closed,closed,research_only,104000,3100,2026-07-14,pass,traffic_verified,subreddit-catalog-expansion-2026-07-14.csv
r/gamification,B,App / Startup / Builder,gaming;place;product_app;productivity_learning;startup_builder;virtual_world,indie_builder,identity_avatar;learning_productivity;place_memory,comment;critique;image;showcase;text;video,account_gate;promotion_restricted,default,conditional,closed,candidate,,,,unknown,live_rules,loci-subreddit-pool-v1.md
r/gaming,catalog,泛游戏讨论与选择,gaming;entertainment_media,gamer;young_adult,discovery;entertainment_discussion,comment;question;text,promotion_restricted;topic_purity,research-only,closed,closed,research_only,3700000,85000,2026-07-14,pass,traffic_verified,subreddit-catalog-expansion-2026-07-14.csv
r/gamingsuggestions,catalog,泛游戏讨论与选择,gaming;entertainment_media,gamer;young_adult,discovery;entertainment_discussion,comment;question;text,promotion_restricted;topic_purity,research-only,closed,closed,research_only,693000,19000,2026-07-14,pass,traffic_verified,subreddit-catalog-expansion-2026-07-14.csv
r/GenZ,catalog,年轻人、校园/社交话题,social_relationship;youth_campus,student;young_adult,lightweight_social,,minors_sensitive;topic_purity,research-only,closed,closed,research_only,277000,19000,2026-07-14,pass,catalog_only,community-action-expansion-public-audit-2026-07-13.md
r/GenZHumor,catalog,年轻人、朋友与轻社交讨论,social_relationship;youth_campus,social_participant;young_adult,lightweight_social;privacy_safety,comment;question;text,minors_sensitive;privacy_sensitive;promotion_restricted,research-only,closed,closed,research_only,19000,328,2026-07-14,pass,traffic_verified,subreddit-catalog-expansion-2026-07-14.csv
r/geocaching,A,研究 / 观察,place,gamer,discovery;onboarding_ux;place_memory,comment;image;question;text;video,account_gate;approval_gate;competitor_context;promotion_restricted;topic_purity,research-only,closed,closed,research_only,,,,unknown,live_rules,loci-subreddit-pool-v1.md
r/getdisciplined,catalog,效率、习惯与工具讨论,product_app;productivity_learning,student;young_adult,discovery;learning_productivity;onboarding_ux,comment;question;text,promotion_restricted;topic_purity,research-only,closed,closed,research_only,238000,2600,2026-07-14,pass,traffic_verified,subreddit-catalog-expansion-2026-07-14.csv
r/GirlGamers,catalog,泛游戏讨论与选择,gaming;entertainment_media,gamer;young_adult,discovery;entertainment_discussion,comment;question;text,promotion_restricted;topic_purity,research-only,closed,closed,research_only,170000,3900,2026-07-14,pass,traffic_verified,subreddit-catalog-expansion-2026-07-14.csv
r/gmod,B,沙盒 / mod / 社区服务器,gaming;social_relationship,gamer;world_builder,co_creation;technical_help,comment;image;showcase;text;video,account_gate;competitor_context;promotion_restricted,research-only,closed,closed,research_only,,,,unknown,live_rules,loci-subreddit-pool-v1.md
r/godot,B+,游戏引擎 / dev 技术,gaming,developer;gamer,feedback_testing,comment;critique;image;text;video,account_gate;ai_restricted;competitor_context;promotion_restricted;topic_purity,default,conditional,closed,candidate,,,,unknown,live_rules,loci-subreddit-pool-v1.md
r/GradSchool,B,公共相邻 / 主验证,youth_campus,student,lightweight_social,comment;image;megathread;text;video,account_gate;megathread_gate;promotion_restricted;survey_restricted,research-only,closed,closed,research_only,,,,unknown,live_rules,loci-subreddit-pool-v1.md
r/graphic_design,catalog,设计师、学习者、作品反馈,creative;visual_art,artist_designer,feedback_testing;learning_productivity,critique;showcase,ai_restricted;survey_restricted,conditional,conditional,closed,candidate,212000,4500,2026-07-14,pass,public_rules,community-action-expansion-public-audit-2026-07-13.md
r/GrowthHacking,B+,扩展 / 养号 / 素材反馈,startup_builder,indie_builder,feedback_testing,comment;critique;image;text;video,account_gate;promotion_restricted;survey_restricted,default,conditional,closed,candidate,,,,unknown,live_rules,loci-subreddit-pool-v1.md
r/Habbo,A,研究 / 观察,social_relationship,gamer;world_builder,identity_avatar;lightweight_social,comment;image;text;video,account_gate;approval_gate;competitor_context;promotion_restricted;topic_purity,research-only,closed,closed,research_only,,,,unknown,live_rules,loci-subreddit-pool-v1.md
r/hiking,A,研究 / 观察,travel_outdoor,traveler_outdoor,privacy_safety,comment;image;text;video,account_gate;competitor_context;promotion_restricted;survey_restricted,research-only,closed,closed,research_only,,,,unknown,live_rules,loci-subreddit-pool-v1.md
r/IMadeThis,B+,扩展 / 养号 / 素材反馈,startup_builder,indie_builder,feedback_testing,comment;critique;image;showcase;text;video,account_gate;minors_sensitive;privacy_sensitive;promotion_restricted;survey_restricted,default,conditional,closed,candidate,,,,unknown,live_rules,loci-subreddit-pool-v1.md
r/imvu,A,社交关系 / 陪伴研究,social_relationship;virtual_world,social_participant,identity_avatar,comment;image;text;video,account_gate;approval_gate;promotion_restricted,research-only,closed,closed,research_only,,,,unknown,live_rules,loci-subreddit-pool-v1.md
r/IndieAppCircle,B+,游戏 / 创作 / 开发,creative;developer;gaming;product_app,developer;indie_builder,onboarding_ux;technical_help,critique;image;showcase;video,account_gate;privacy_sensitive;promotion_restricted;survey_restricted,default,conditional,closed,candidate,,,,unknown,live_rules,loci-subreddit-pool-v1.md
r/IndieDev,B+,独立开发 / 产品过程,developer;gaming;startup_builder,early_tester;gamer;indie_builder,technical_help,comment;critique;image;megathread;showcase;video,account_gate;megathread_gate;privacy_sensitive;promotion_restricted;survey_restricted,default,conditional,conditional,candidate,266000,13000,2026-07-14,pass,live_rules,loci-subreddit-pool-v1.md
r/IndieGaming,B+,独立游戏玩家 / 发现,gaming;startup_builder,gamer;indie_builder,discovery;onboarding_ux,comment;critique;image;showcase;video,account_gate;promotion_restricted,default,conditional,closed,candidate,,,,unknown,live_rules,loci-subreddit-pool-v1.md
r/indiehackers,B+,游戏 / 创作 / 开发,creative;developer;startup_builder,indie_builder,technical_help,comment;critique;image;video,account_gate;promotion_restricted,default,conditional,closed,candidate,14000,2400,2026-07-14,pass,live_rules,loci-subreddit-pool-v1.md
r/Ingress,A0,研究 / 观察,place,gamer,place_memory,comment;image;question;text;video,account_gate;competitor_context,research-only,closed,closed,closed,,,,unknown,live_rules,loci-subreddit-pool-v1.md
r/Instagram,A,社交关系 / 陪伴研究,social_relationship,friends_couples,discovery,comment;image;text;video,account_gate;competitor_context;promotion_restricted,research-only,closed,closed,research_only,,,,unknown,live_rules,loci-subreddit-pool-v1.md
r/instructionaldesign,catalog,艺术、设计与创作反馈,creative;visual_art,artist_designer;creator,creator_distribution;feedback_testing;learning_productivity,comment;critique;image;question;showcase,promotion_restricted;topic_purity,research-only,closed,closed,research_only,19000,469,2026-07-14,pass,traffic_verified,subreddit-catalog-expansion-2026-07-14.csv
r/InternetFriends,A0,线上朋友 / 陪伴,social_relationship,friends_couples;social_participant,lightweight_social,comment;image;text;video,competitor_context;privacy_sensitive;promotion_restricted,research-only,closed,closed,closed,11000,733,2026-07-14,pass,live_rules,loci-subreddit-pool-v1.md
r/InternetIsBeautiful,catalog,网站发现者,product_app;web,web_user,discovery,,,conditional,conditional,closed,candidate,,,,unknown,public_rules,community-action-expansion-public-audit-2026-07-13.md
r/introvert,A0,公共相邻 / 主验证,social_relationship,social_participant,lightweight_social,comment;image;text;video,account_gate;competitor_context;promotion_restricted;survey_restricted;topic_purity,research-only,closed,closed,closed,,,,unknown,live_rules,loci-subreddit-pool-v1.md
r/IntrovertsChat,catalog,年轻人、朋友与轻社交讨论,social_relationship;youth_campus,social_participant;young_adult,lightweight_social;privacy_safety,comment;question;text,minors_sensitive;privacy_sensitive;promotion_restricted,research-only,closed,closed,research_only,102000,8700,2026-07-14,pass,traffic_verified,subreddit-catalog-expansion-2026-07-14.csv
r/IntrovertsSafeDating,catalog,年轻人、朋友与轻社交讨论,social_relationship;youth_campus,social_participant;young_adult,lightweight_social;privacy_safety,comment;question;text,minors_sensitive;privacy_sensitive;promotion_restricted,research-only,closed,closed,research_only,11000,592,2026-07-14,pass,traffic_verified,subreddit-catalog-expansion-2026-07-14.csv
r/ios,catalog,iOS/iPadOS 用户,ios;mobile;product_app,mobile_user,technical_help,,,conditional,conditional,closed,candidate,,,,unknown,public_rules,community-action-expansion-public-audit-2026-07-13.md
r/iosapps,B,App / Startup / Builder,developer;ios;mobile;product_app;startup_builder,developer;indie_builder,discovery;onboarding_ux;privacy_safety;technical_help,comment;image;megathread;text;video,account_gate;ai_restricted;competitor_context;megathread_gate;privacy_sensitive;promotion_restricted,research-only,closed,closed,research_only,52000,3500,2026-07-14,pass,live_rules,loci-subreddit-pool-v1.md
r/iOSAppsMarketing,B+,游戏 / 创作 / 开发,creative;developer;ios;mobile;product_app;startup_builder,indie_builder,technical_help,comment;critique;image;video,account_gate;privacy_sensitive;promotion_restricted;survey_restricted,default,conditional,closed,candidate,14000,2200,2026-07-14,pass,live_rules,loci-subreddit-pool-v1.md
r/iOSProgramming,B+,App / Startup / Builder,developer;ios;mobile;product_app;startup_builder,developer;indie_builder,technical_help,comment;critique;image;megathread;showcase;video,account_gate;megathread_gate;promotion_restricted;topic_purity,conditional,closed,closed,candidate,,,,unknown,live_rules,loci-subreddit-pool-v1.md
r/IPhoneApps,catalog,移动应用、产品与开发讨论,mobile;product_app;startup_builder,early_tester;indie_builder;mobile_user,discovery;feedback_testing;onboarding_ux;technical_help,comment;question;text,account_gate;promotion_restricted;topic_purity,research-only,closed,closed,research_only,21000,256,2026-07-14,pass,traffic_verified,subreddit-catalog-expansion-2026-07-14.csv
r/itookapicture,catalog,摄影作品、技巧与审美反馈,creative;photography_video;place,photographer_video_creator;place_explorer,creator_distribution;discovery;feedback_testing;place_memory,comment;critique;image;question,promotion_restricted;privacy_sensitive;topic_purity,research-only,closed,closed,research_only,360000,4400,2026-07-14,pass,traffic_verified,subreddit-catalog-expansion-2026-07-14.csv
r/JurassicWorldAlive,A0,位置游戏 / 收集与资源,gaming,gamer;place_explorer,discovery;place_memory,comment;critique;image;megathread;text;video,account_gate;competitor_context;megathread_gate;promotion_restricted;survey_restricted,research-only,closed,closed,closed,,,,unknown,live_rules,loci-subreddit-pool-v1.md
r/KindroidAI,A0,社交关系 / 陪伴研究,ai;social_relationship,ai_user;social_participant,identity_avatar;lightweight_social,comment;image;text;video,account_gate;approval_gate;competitor_context;minors_sensitive;promotion_restricted;survey_restricted,research-only,closed,closed,closed,,,,unknown,live_rules,loci-subreddit-pool-v1.md
r/LDR,A0,远距离关系 / 记忆维系,social_relationship,friends_couples,lightweight_social;place_memory,comment;image;text;video,account_gate;competitor_context;minors_sensitive;promotion_restricted;survey_restricted,research-only,closed,closed,closed,,,,unknown,live_rules,loci-subreddit-pool-v1.md
r/learnart,catalog,学习者、练习和 critique,creative;visual_art,artist_designer,feedback_testing;learning_productivity,critique;showcase,topic_purity,conditional,conditional,closed,candidate,,,,unknown,catalog_only,community-action-expansion-public-audit-2026-07-13.md
r/LEGOfortnite,B,沙盒建造 / 共创展示,ar_xr;ugc,gamer;world_builder,co_creation,comment;critique;image;showcase;text;video,account_gate;ai_restricted;promotion_restricted,research-only,closed,closed,research_only,,,,unknown,live_rules,loci-subreddit-pool-v1.md
r/LetsTalkMusic,catalog,音乐兴趣、创作与传播,creative;entertainment_media,creator;media_fan;young_adult,creator_distribution;discovery;entertainment_discussion,comment;question;text;showcase,promotion_restricted;topic_purity,research-only,closed,closed,research_only,211000,3100,2026-07-14,pass,traffic_verified,subreddit-catalog-expansion-2026-07-14.csv
r/Letterboxing,A,研究 / 观察,place;travel_outdoor,place_explorer;traveler_outdoor,discovery;place_memory,comment;image;text;video,account_gate;privacy_sensitive,research-only,closed,closed,research_only,,,,unknown,live_rules,loci-subreddit-pool-v1.md
r/Life360,A0,研究 / 观察,social_relationship,friends_couples,privacy_safety,comment;image;text;video,account_gate;competitor_context;minors_sensitive;privacy_sensitive;promotion_restricted,research-only,closed,closed,closed,,,,unknown,live_rules,loci-subreddit-pool-v1.md
r/Lightbulb,B,公共相邻 / 主验证,product_app;startup_builder,indie_builder,discovery;feedback_testing,comment;image;text;video,account_gate;competitor_context,default,conditional,closed,candidate,,,,unknown,live_rules,loci-subreddit-pool-v1.md
r/LocalLLaMA,A,研究 / 观察,ai;developer,ai_user;developer,technical_help,comment;image;text;video,account_gate;ai_restricted;promotion_restricted,research-only,closed,closed,research_only,,,,unknown,live_rules,loci-subreddit-pool-v1.md
r/localmultiplayergames,catalog,社交游戏、共玩与世界玩法,gaming;social_relationship;virtual_world,gamer;social_participant;world_builder,co_creation;discovery;lightweight_social,comment;question;text;showcase,promotion_restricted;topic_purity;competitor_context,research-only,closed,closed,research_only,24000,115,2026-07-14,pass,traffic_verified,subreddit-catalog-expansion-2026-07-14.csv
r/locketapp,A0,竞品 / 替代行为研究,social_relationship,friends_couples,lightweight_social;privacy_safety,comment;image;text;video,account_gate;competitor_context;minors_sensitive;privacy_sensitive;promotion_restricted;survey_restricted,research-only,closed,closed,closed,,,,unknown,live_rules,loci-subreddit-pool-v1.md
r/LongDistance,A0,社交关系 / 陪伴研究,social_relationship,friends_couples,lightweight_social;place_memory,comment;image;text;video,account_gate;competitor_context;promotion_restricted;survey_restricted,research-only,closed,closed,closed,,,,unknown,live_rules,loci-subreddit-pool-v1.md
r/MakeNewFriendsHere,A0,交友 / 聊天承接,social_relationship,friends_couples,lightweight_social,comment;image;text;video,competitor_context;minors_sensitive;survey_restricted;topic_purity,research-only,closed,closed,closed,,,,unknown,live_rules,loci-subreddit-pool-v1.md
r/MakeRedditFriends,catalog,年轻人、朋友与轻社交讨论,social_relationship;youth_campus,social_participant;young_adult,lightweight_social;privacy_safety,comment;question;text,minors_sensitive;privacy_sensitive;promotion_restricted,research-only,closed,closed,research_only,15000,1100,2026-07-14,pass,traffic_verified,subreddit-catalog-expansion-2026-07-14.csv
r/MetaQuestVR,B+,游戏 / 创作 / 开发,ar_xr;creative;developer;gaming;social_relationship,gamer,technical_help,comment;critique;image;showcase;video,account_gate;promotion_restricted,default,conditional,closed,candidate,,,,unknown,live_rules,loci-subreddit-pool-v1.md
r/microsaas,B+,扩展 / 养号 / 素材反馈,photography_video;startup_builder,indie_builder,feedback_testing,comment;critique;image;showcase;video,account_gate;promotion_restricted,default,conditional,closed,candidate,,,,unknown,live_rules,loci-subreddit-pool-v1.md
r/Minecraft,A0,竞品 / 替代行为研究,gaming;startup_builder,gamer;indie_builder,co_creation,comment;image;text;video,account_gate;competitor_context;promotion_restricted,research-only,closed,closed,closed,,,,unknown,live_rules,loci-subreddit-pool-v1.md
r/mixedreality,B+,扩展 / 养号 / 素材反馈,ar_xr;developer;place,developer;place_explorer,feedback_testing;technical_help,comment;critique;image;showcase;video,account_gate;privacy_sensitive;promotion_restricted,default,conditional,closed,candidate,,,,unknown,live_rules,loci-subreddit-pool-v1.md
r/moviequestions,catalog,电影与电视泛娱乐讨论,entertainment_media,media_fan;young_adult,discovery;entertainment_discussion,comment;question;text,promotion_restricted;topic_purity,research-only,closed,closed,research_only,83000,2300,2026-07-14,pass,traffic_verified,subreddit-catalog-expansion-2026-07-14.csv
r/movies,catalog,电影讨论者,entertainment_media,media_fan,entertainment_discussion,,promotion_restricted;topic_purity,conditional,conditional,closed,candidate,5700000,76000,2026-07-14,pass,catalog_only,community-action-expansion-public-audit-2026-07-13.md
r/MoviesAndTVTalk,catalog,电影与电视泛娱乐讨论,entertainment_media,media_fan;young_adult,discovery;entertainment_discussion,comment;question;text,promotion_restricted;topic_purity,research-only,closed,closed,research_only,221000,14000,2026-07-14,pass,traffic_verified,subreddit-catalog-expansion-2026-07-14.csv
r/MovieSuggestions,catalog,电影与电视泛娱乐讨论,entertainment_media,media_fan;young_adult,discovery;entertainment_discussion,comment;question;text,promotion_restricted;topic_purity,research-only,closed,closed,research_only,882000,21000,2026-07-14,pass,traffic_verified,subreddit-catalog-expansion-2026-07-14.csv
r/munzee,A0,研究 / 观察,gaming;place,gamer,discovery;place_memory,comment;image;text;video,account_gate;competitor_context;privacy_sensitive;promotion_restricted;survey_restricted,research-only,closed,closed,closed,,,,unknown,live_rules,loci-subreddit-pool-v1.md
r/music,catalog,音乐听众,entertainment_media,media_fan,discovery;entertainment_discussion,,promotion_restricted;topic_purity,conditional,conditional,closed,candidate,3600000,47000,2026-07-14,pass,catalog_only,community-action-expansion-public-audit-2026-07-13.md
r/musicians,catalog,音乐创作与协作,creative,creator;media_fan,co_creation,,promotion_restricted,conditional,conditional,closed,candidate,,,,unknown,catalog_only,community-action-expansion-public-audit-2026-07-13.md
r/musicmarketing,catalog,音乐兴趣、创作与传播,creative;entertainment_media,creator;media_fan;young_adult,creator_distribution;discovery;entertainment_discussion,comment;question;text;showcase,promotion_restricted;topic_purity,research-only,closed,closed,research_only,48000,1100,2026-07-14,pass,traffic_verified,subreddit-catalog-expansion-2026-07-14.csv
r/MusicPromotion,catalog,音乐兴趣、创作与传播,creative;entertainment_media,creator;media_fan;young_adult,creator_distribution;discovery;entertainment_discussion,comment;question;text;showcase,promotion_restricted;topic_purity,research-only,closed,closed,research_only,9200,2700,2026-07-14,pass,traffic_verified,subreddit-catalog-expansion-2026-07-14.csv
r/musicteenager,catalog,音乐兴趣、创作与传播,creative;entertainment_media,creator;media_fan;young_adult,creator_distribution;discovery;entertainment_discussion,comment;question;text;showcase,promotion_restricted;topic_purity,research-only,closed,closed,research_only,33000,3100,2026-07-14,pass,traffic_verified,subreddit-catalog-expansion-2026-07-14.csv
r/MyBoyfriendIsAI,catalog,AI 陪伴、人格与关系讨论,ai;social_relationship;virtual_world,ai_user;social_participant,identity_avatar;lightweight_social;privacy_safety,comment;question;text,competitor_context;privacy_sensitive;promotion_restricted,research-only,closed,closed,research_only,25000,347,2026-07-14,pass,traffic_verified,subreddit-catalog-expansion-2026-07-14.csv
r/nextjs,B+,App / Startup / Builder,ai;developer;product_app;startup_builder;web,developer;indie_builder,onboarding_ux;technical_help,comment;critique;image;showcase;video,competitor_context;promotion_restricted;topic_purity,conditional,closed,closed,candidate,,,,unknown,live_rules,loci-subreddit-pool-v1.md
r/NianticWayfarer,A0,研究 / 观察,place,gamer,place_memory,comment;critique;image;question;text;video,account_gate;competitor_context;minors_sensitive;privacy_sensitive;survey_restricted,research-only,closed,closed,closed,,,,unknown,live_rules,loci-subreddit-pool-v1.md
r/NoMansSkyTheGame,A,游戏 / 创作 / 开发,creative;developer;gaming,gamer,discovery;technical_help,comment;image;megathread;question;text;video,ai_restricted;approval_gate;competitor_context;megathread_gate;promotion_restricted;topic_purity,research-only,closed,closed,research_only,,,,unknown,live_rules,loci-subreddit-pool-v1.md
r/Notion,B+,扩展 / 养号 / 素材反馈,productivity_learning,web_user,feedback_testing;learning_productivity,comment;critique;image;showcase;video,megathread_gate;promotion_restricted;survey_restricted,conditional,closed,closed,candidate,,,,unknown,live_rules,loci-subreddit-pool-v1.md
r/ObsidianMD,B+,App / Startup / Builder,ai;product_app;productivity_learning;startup_builder,indie_builder;web_user,learning_productivity,comment;critique;image;showcase;video,ai_restricted;competitor_context,conditional,closed,closed,candidate,,,,unknown,live_rules,loci-subreddit-pool-v1.md
r/oculus,catalog,3D、VR 与空间计算生态,3d;ar_xr;creative;virtual_world,creator;gamer;spatial_user,co_creation;discovery;technical_help,comment;question;showcase;video,competitor_context;promotion_restricted;topic_purity,research-only,closed,closed,research_only,109000,590,2026-07-14,pass,traffic_verified,subreddit-catalog-expansion-2026-07-14.csv
r/OculusQuest,A0,空间体验 / 研究层,ar_xr;developer;product_app,developer,onboarding_ux;technical_help,comment;image;showcase;text;video,account_gate;competitor_context;promotion_restricted,research-only,closed,closed,closed,234000,3600,2026-07-14,pass,live_rules,loci-subreddit-pool-v1.md
r/OpenSource,catalog,FOSS 用户/维护者,developer,developer,technical_help,,promotion_restricted;topic_purity,conditional,conditional,closed,candidate,,,,unknown,catalog_only,community-action-expansion-public-audit-2026-07-13.md
r/OrnaRPG,A0,研究 / 观察,gaming;place,gamer,discovery,comment;image;question;text;video,account_gate;competitor_context;survey_restricted,research-only,closed,closed,closed,,,,unknown,live_rules,loci-subreddit-pool-v1.md
r/Outdoors,catalog,旅行、户外、城市与地点发现,place;travel_outdoor,place_explorer;traveler_outdoor,discovery;place_memory;privacy_safety,comment;image;question;text,privacy_sensitive;promotion_restricted;topic_purity,research-only,closed,closed,research_only,44000,897,2026-07-14,pass,traffic_verified,subreddit-catalog-expansion-2026-07-14.csv
r/Palia,A,研究 / 观察,gaming;social_relationship,gamer,co_creation,comment;critique;image;megathread;question;text;video,account_gate;competitor_context;megathread_gate;promotion_restricted,research-only,closed,closed,research_only,,,,unknown,live_rules,loci-subreddit-pool-v1.md
r/penpals,A0,慢社交 / 书信,social_relationship,social_participant,lightweight_social,comment;image;text;video,account_gate;competitor_context;privacy_sensitive;survey_restricted,research-only,closed,closed,closed,,,,unknown,live_rules,loci-subreddit-pool-v1.md
r/photocritique,catalog,摄影反馈者,photography_video,photographer_video_creator,feedback_testing,critique;image,,conditional,conditional,closed,candidate,45000,2800,2026-07-14,pass,public_rules,community-action-expansion-public-audit-2026-07-13.md
r/photographs,catalog,摄影分享,photography_video,photographer_video_creator,creator_distribution;discovery,image;showcase,topic_purity,conditional,conditional,closed,candidate,29000,744,2026-07-14,pass,catalog_only,community-action-expansion-public-audit-2026-07-13.md
r/photography,catalog,摄影爱好者、技术和艺术讨论,ar_xr;photography_video,photographer_video_creator,discovery;feedback_testing,question,privacy_sensitive;promotion_restricted;survey_restricted,conditional,conditional,closed,candidate,591000,3900,2026-07-14,pass,public_rules,community-action-expansion-public-audit-2026-07-13.md
r/PhotographyAdvice,catalog,摄影作品、技巧与审美反馈,creative;photography_video;place,photographer_video_creator;place_explorer,creator_distribution;discovery;feedback_testing;place_memory,comment;critique;image;question,promotion_restricted;privacy_sensitive;topic_purity,research-only,closed,closed,research_only,18000,1600,2026-07-14,pass,traffic_verified,subreddit-catalog-expansion-2026-07-14.csv
r/PikminBloomApp,A0,App / Startup / Builder,place;product_app;startup_builder;youth_campus,gamer;indie_builder;student,place_memory,comment;image;megathread;question;text;video,account_gate;competitor_context;megathread_gate;promotion_restricted;topic_purity,research-only,closed,closed,closed,,,,unknown,live_rules,loci-subreddit-pool-v1.md
r/playmygame,B+,游戏 / 创作 / 开发,creative;developer;gaming;place;startup_builder,developer;gamer;indie_builder,place_memory;technical_help,critique;image;showcase;video,promotion_restricted,default,conditional,closed,candidate,26000,2400,2026-07-14,pass,live_rules,loci-subreddit-pool-v1.md
r/playtesters,B+,App / Startup / Builder,developer;gaming;product_app;startup_builder,developer;indie_builder,feedback_testing;onboarding_ux;technical_help,critique;image;showcase;video,promotion_restricted,conditional,closed,closed,candidate,,,,unknown,live_rules,loci-subreddit-pool-v1.md
r/pokemongo,A0,App / Startup / Builder,place;product_app;startup_builder,gamer;indie_builder;place_explorer,place_memory,comment;image;megathread;question;text;video,account_gate;competitor_context;megathread_gate,research-only,closed,closed,closed,,,,unknown,live_rules,loci-subreddit-pool-v1.md
r/productivity,catalog,效率、习惯与工具讨论,product_app;productivity_learning,student;young_adult,discovery;learning_productivity;onboarding_ux,comment;question;text,promotion_restricted;topic_purity,research-only,closed,closed,research_only,371000,2500,2026-07-14,pass,traffic_verified,subreddit-catalog-expansion-2026-07-14.csv
r/ProductivityApps,catalog,效率、习惯与工具讨论,product_app;productivity_learning,student;young_adult,discovery;learning_productivity;onboarding_ux,comment;question;text,promotion_restricted;topic_purity,research-only,closed,closed,research_only,91000,3300,2026-07-14,pass,traffic_verified,subreddit-catalog-expansion-2026-07-14.csv
r/Productivitycafe,catalog,效率、习惯与工具讨论,product_app;productivity_learning,student;young_adult,discovery;learning_productivity;onboarding_ux,comment;question;text,promotion_restricted;topic_purity,research-only,closed,closed,research_only,128000,9000,2026-07-14,pass,traffic_verified,subreddit-catalog-expansion-2026-07-14.csv
r/ProductivityHQ,catalog,效率、习惯与工具讨论,product_app;productivity_learning,student;young_adult,discovery;learning_productivity;onboarding_ux,comment;question;text,promotion_restricted;topic_purity,research-only,closed,closed,research_only,68000,379,2026-07-14,pass,traffic_verified,subreddit-catalog-expansion-2026-07-14.csv
r/PS4Dreams,A,UGC 创作 / 游戏内创作工具,creative;gaming;ugc,world_builder,co_creation;creator_distribution,comment;critique;image;question;showcase;text;video,account_gate;promotion_restricted;topic_purity,research-only,closed,closed,research_only,,,,unknown,live_rules,loci-subreddit-pool-v1.md
r/randonauts,A0,研究 / 观察,place,place_explorer,place_memory;privacy_safety,comment;image;text;video,account_gate;competitor_context;minors_sensitive;survey_restricted,research-only,closed,closed,closed,,,,unknown,live_rules,loci-subreddit-pool-v1.md
r/reactjs,B+,扩展 / 养号 / 素材反馈,ai;developer;web,developer,feedback_testing;onboarding_ux,comment;critique;image;showcase;video,survey_restricted,conditional,closed,closed,candidate,,,,unknown,live_rules,loci-subreddit-pool-v1.md
r/RecRoom,A0,竞品 / 替代行为研究,social_relationship;ugc;virtual_world,gamer;world_builder,co_creation;identity_avatar;lightweight_social,comment;image;showcase;text;video,account_gate;competitor_context;promotion_restricted,research-only,closed,closed,closed,,,,unknown,live_rules,loci-subreddit-pool-v1.md
r/replika,A0,研究 / 观察,ai,ai_user,identity_avatar;lightweight_social,comment;image;text;video,account_gate;competitor_context;minors_sensitive;privacy_sensitive,research-only,closed,closed,closed,,,,unknown,live_rules,loci-subreddit-pool-v1.md
r/roadtrip,catalog,旅行、户外、城市与地点发现,place;travel_outdoor,place_explorer;traveler_outdoor,discovery;place_memory;privacy_safety,comment;image;question;text,privacy_sensitive;promotion_restricted;topic_purity,research-only,closed,closed,research_only,268000,7200,2026-07-14,pass,traffic_verified,subreddit-catalog-expansion-2026-07-14.csv
r/roastmystartup,B,App / Startup / Builder,product_app;startup_builder,indie_builder,feedback_testing,comment;critique;image;showcase;video,account_gate;ai_restricted,default,conditional,conditional,candidate,,,,unknown,live_rules,loci-subreddit-pool-v1.md
r/roblox,A0,竞品 / 替代行为研究,gaming;social_relationship;ugc;virtual_world,gamer;world_builder,identity_avatar,comment;image;showcase;text;video,account_gate;competitor_context;minors_sensitive,research-only,closed,closed,closed,,,,unknown,live_rules,loci-subreddit-pool-v1.md
r/robloxgamedev,A0,竞品 / 替代行为研究,creative;developer;gaming;startup_builder;ugc,creator;developer;gamer;indie_builder;world_builder,creator_distribution;feedback_testing,comment;image;text;video,account_gate;competitor_context;promotion_restricted,research-only,closed,closed,closed,,,,unknown,live_rules,loci-subreddit-pool-v1.md
r/roommates,B,App / Startup / Builder,product_app;startup_builder,indie_builder,lightweight_social,comment;image;video,account_gate;minors_sensitive;privacy_sensitive,default,conditional,closed,candidate,,,,unknown,live_rules,loci-subreddit-pool-v1.md
r/Runner5,A,现实运动 / 任务叙事,gaming;place;travel_outdoor,gamer;traveler_outdoor,technical_help,comment;image;megathread;text;video,megathread_gate,research-only,closed,closed,research_only,,,,unknown,live_rules,loci-subreddit-pool-v1.md
r/SaaS,B,App / Startup / Builder,product_app;startup_builder,indie_builder,discovery;feedback_testing,comment;critique;image;megathread;video,account_gate;ai_restricted;approval_gate;megathread_gate;promotion_restricted;survey_restricted,research-only,closed,closed,research_only,,,,unknown,live_rules,loci-subreddit-pool-v1.md
r/secondlife,A,研究 / 观察,place;social_relationship;virtual_world,gamer;world_builder,place_memory,comment;image;text;video,ai_restricted;competitor_context,research-only,closed,closed,research_only,,,,unknown,live_rules,loci-subreddit-pool-v1.md
r/ShouldIbuythisgame,catalog,泛游戏讨论与选择,gaming;entertainment_media,gamer;young_adult,discovery;entertainment_discussion,comment;question;text,promotion_restricted;topic_purity,research-only,closed,closed,research_only,448000,3800,2026-07-14,pass,traffic_verified,subreddit-catalog-expansion-2026-07-14.csv
r/ShowMeYourApps,catalog,移动 app 展示者,product_app,indie_builder;mobile_user,feedback_testing,critique,ai_restricted;topic_purity,conditional,conditional,closed,candidate,,,,unknown,public_rules,community-action-expansion-public-audit-2026-07-13.md
r/ShowYourApp,B+,App / Startup / Builder,product_app;startup_builder;web,indie_builder,feedback_testing;onboarding_ux,critique;image;showcase;text;video,privacy_sensitive,default,conditional,closed,candidate,,,,unknown,live_rules,loci-subreddit-pool-v1.md
r/SideProject,B,App / Startup / Builder,ai;product_app;startup_builder,indie_builder,feedback_testing,comment;critique;image;megathread;showcase;text;video,account_gate;megathread_gate,default,conditional,conditional,candidate,349000,16000,2026-07-14,pass,live_rules,loci-subreddit-pool-v1.md
r/sideprojects,B+,App / Startup / Builder,product_app;startup_builder,indie_builder,feedback_testing,comment;critique;image;showcase;video,promotion_restricted,default,conditional,closed,candidate,,,,unknown,live_rules,loci-subreddit-pool-v1.md
r/Snapchat,A0,竞品 / 替代行为研究,photography_video;social_relationship,friends_couples,lightweight_social,comment;image;question;text;video,competitor_context;privacy_sensitive;promotion_restricted,research-only,closed,closed,closed,,,,unknown,live_rules,loci-subreddit-pool-v1.md
r/socialanxiety,A0,社交焦虑 / 低压力互动,ai;social_relationship,social_participant,lightweight_social,comment;image;text;video,account_gate;competitor_context;promotion_restricted;survey_restricted;topic_purity,research-only,closed,closed,closed,,,,unknown,live_rules,loci-subreddit-pool-v1.md
r/socialmedia,catalog,移动应用、产品与开发讨论,mobile;product_app;startup_builder,early_tester;indie_builder;mobile_user,discovery;feedback_testing;onboarding_ux;technical_help,comment;question;text,account_gate;promotion_restricted;topic_purity,research-only,closed,closed,research_only,109000,1000,2026-07-14,pass,traffic_verified,subreddit-catalog-expansion-2026-07-14.csv
r/socialskills,A0,社交关系 / 陪伴研究,social_relationship,social_participant,learning_productivity,comment;image;text;video,account_gate;ai_restricted;competitor_context;promotion_restricted;survey_restricted,research-only,closed,closed,closed,457000,2800,2026-07-14,pass,live_rules,loci-subreddit-pool-v1.md
r/soloboardgaming,catalog,社交游戏、共玩与世界玩法,gaming;social_relationship;virtual_world,gamer;social_participant;world_builder,co_creation;discovery;lightweight_social,comment;question;text;showcase,promotion_restricted;topic_purity;competitor_context,research-only,closed,closed,research_only,63000,1800,2026-07-14,pass,traffic_verified,subreddit-catalog-expansion-2026-07-14.csv
r/SoloDevelopment,B+,App / Startup / Builder,developer;gaming;product_app;startup_builder,developer;indie_builder,feedback_testing;technical_help,comment;critique;image;showcase;video,account_gate;promotion_restricted;topic_purity,default,conditional,closed,candidate,,,,unknown,live_rules,loci-subreddit-pool-v1.md
r/solotravel,catalog,独自旅行和路线规划,travel_outdoor,student,discovery,,topic_purity,conditional,conditional,closed,candidate,369000,3600,2026-07-14,pass,public_rules,community-action-expansion-public-audit-2026-07-13.md
r/SomebodyMakeThis,B,公共相邻 / 主验证,product_app;startup_builder,indie_builder,discovery;feedback_testing,comment;image;showcase;video,account_gate;privacy_sensitive;promotion_restricted,default,conditional,closed,candidate,,,,unknown,live_rules,loci-subreddit-pool-v1.md
r/StableDiffusion,B,App / Startup / Builder,ai;photography_video;product_app;startup_builder,indie_builder,co_creation;technical_help,comment;image;showcase;video,account_gate;competitor_context;promotion_restricted,research-only,closed,closed,research_only,,,,unknown,live_rules,loci-subreddit-pool-v1.md
r/Startup_Ideas,B,App / Startup / Builder,product_app;startup_builder,indie_builder,feedback_testing,comment;critique;image;video,account_gate;promotion_restricted,default,conditional,closed,candidate,,,,unknown,live_rules,loci-subreddit-pool-v1.md
r/startups,B,App / Startup / Builder,product_app;startup_builder,indie_builder,discovery;feedback_testing,comment;image;text;video,account_gate;megathread_gate;promotion_restricted,research-only,closed,closed,research_only,,,,unknown,live_rules,loci-subreddit-pool-v1.md
r/StartupSoloFounder,B+,游戏 / 创作 / 开发,creative;developer;gaming;startup_builder,indie_builder,technical_help,comment;critique;image;video,account_gate;promotion_restricted;survey_restricted,research-only,closed,closed,research_only,,,,unknown,live_rules,loci-subreddit-pool-v1.md
r/streetphotography,catalog,摄影作品、技巧与审美反馈,creative;photography_video;place,photographer_video_creator;place_explorer,creator_distribution;discovery;feedback_testing;place_memory,comment;critique;image;question,promotion_restricted;privacy_sensitive;topic_purity,research-only,closed,closed,research_only,37000,1400,2026-07-14,pass,traffic_verified,subreddit-catalog-expansion-2026-07-14.csv
r/Students,catalog,年轻人、朋友与轻社交讨论,social_relationship;youth_campus,social_participant;young_adult,lightweight_social;privacy_safety,comment;question;text,minors_sensitive;privacy_sensitive;promotion_restricted,research-only,closed,closed,research_only,12000,1100,2026-07-14,pass,traffic_verified,subreddit-catalog-expansion-2026-07-14.csv
r/SwarmApp,A0,App / Startup / Builder,place;product_app;social_relationship;startup_builder,indie_builder,lightweight_social;place_memory,comment;image;text;video,account_gate;competitor_context;privacy_sensitive;promotion_restricted;survey_restricted,research-only,closed,closed,closed,,,,unknown,live_rules,loci-subreddit-pool-v1.md
r/swift,B+,App / Startup / Builder,ar_xr;developer;ios;mobile;product_app;startup_builder,developer;indie_builder,technical_help,comment;critique;image;showcase;video,account_gate;competitor_context;promotion_restricted;topic_purity,default,conditional,closed,candidate,29000,275,2026-07-13,pass,live_rules,loci-subreddit-pool-v1.md
r/television,catalog,影视观众,entertainment_media,media_fan,discovery;entertainment_discussion,,topic_purity,conditional,conditional,closed,candidate,,,,unknown,catalog_only,community-action-expansion-public-audit-2026-07-13.md
r/Terraria,A,研究 / 观察,gaming;virtual_world,gamer,co_creation,comment;image;question;showcase;text;video,competitor_context;promotion_restricted,research-only,closed,closed,research_only,,,,unknown,live_rules,loci-subreddit-pool-v1.md
r/TestersCommunity,B+,游戏 / 创作 / 开发,creative;developer;gaming;product_app,developer;early_tester,feedback_testing;technical_help,critique;image;video,approval_gate;minors_sensitive;privacy_sensitive;promotion_restricted;topic_purity,default,conditional,closed,candidate,,,,unknown,live_rules,loci-subreddit-pool-v1.md
r/TestFlight,B+,扩展 / 养号 / 素材反馈,developer;ios;mobile;product_app,developer;early_tester,feedback_testing;onboarding_ux;technical_help,critique;image;video,privacy_sensitive;topic_purity,default,conditional,closed,candidate,,,,unknown,live_rules,loci-subreddit-pool-v1.md
r/TestMyApp,B+,App / Startup / Builder,developer;product_app;startup_builder,developer;indie_builder,technical_help,critique;image;video,minors_sensitive;privacy_sensitive,default,conditional,closed,candidate,,,,unknown,live_rules,loci-subreddit-pool-v1.md
r/thesims,A,研究 / 观察,creative;gaming;social_relationship;ugc,creator;gamer,creator_distribution,comment;critique;image;question;showcase;text;video,approval_gate;competitor_context,research-only,closed,closed,research_only,,,,unknown,live_rules,loci-subreddit-pool-v1.md
r/threejs,B+,扩展 / 养号 / 素材反馈,3d;creative;developer;web,creator;developer,feedback_testing,comment;critique;image;question;showcase;video,competitor_context;promotion_restricted,default,conditional,closed,candidate,,,,unknown,live_rules,loci-subreddit-pool-v1.md
r/TowerUnite,A,虚拟社交空间 / 玩家活动,social_relationship,gamer,technical_help,comment;critique;image;text;video,competitor_context;promotion_restricted,research-only,closed,closed,research_only,,,,unknown,live_rules,loci-subreddit-pool-v1.md
r/travel,catalog,泛旅行用户,travel_outdoor,traveler_outdoor,discovery,,topic_purity,conditional,conditional,closed,candidate,2000000,17000,2026-07-14,pass,catalog_only,community-action-expansion-public-audit-2026-07-13.md
r/traveladvice,catalog,旅行、户外、城市与地点发现,place;travel_outdoor,place_explorer;traveler_outdoor,discovery;place_memory;privacy_safety,comment;image;question;text,privacy_sensitive;promotion_restricted;topic_purity,research-only,closed,closed,research_only,64000,2200,2026-07-14,pass,traffic_verified,subreddit-catalog-expansion-2026-07-14.csv
r/TravelHacks,catalog,旅行、户外、城市与地点发现,place;travel_outdoor,place_explorer;traveler_outdoor,discovery;place_memory;privacy_safety,comment;image;question;text,privacy_sensitive;promotion_restricted;topic_purity,research-only,closed,closed,research_only,380000,823,2026-07-14,pass,traffic_verified,subreddit-catalog-expansion-2026-07-14.csv
r/UI_Design,B+,扩展 / 养号 / 素材反馈,ar_xr;creative;social_relationship;visual_art,artist_designer,feedback_testing;learning_productivity;onboarding_ux,critique;image;video,promotion_restricted;survey_restricted,default,conditional,closed,candidate,,,,unknown,live_rules,loci-subreddit-pool-v1.md
r/Unity3D,B+,游戏 / 创作 / 开发,3d;creative;developer;gaming,developer,creator_distribution;technical_help,comment;critique;image;question;showcase;video,competitor_context,default,conditional,conditional,candidate,,,,unknown,live_rules,loci-subreddit-pool-v1.md
r/UnrealEngine,B+,3D 引擎 / demo 技术,3d,early_tester,co_creation;technical_help,comment;image;showcase;video,account_gate;promotion_restricted,default,conditional,closed,candidate,,,,unknown,live_rules,loci-subreddit-pool-v1.md
r/urbanexploration,catalog,城市空间探索者,place;travel_outdoor,place_explorer;traveler_outdoor,discovery;privacy_safety,,privacy_sensitive;topic_purity,research-only,closed,closed,research_only,137000,2100,2026-07-14,pass,catalog_only,community-action-expansion-public-audit-2026-07-13.md
r/UrbanHell,catalog,旅行、户外、城市与地点发现,place;travel_outdoor,place_explorer;traveler_outdoor,discovery;place_memory;privacy_safety,comment;image;question;text,privacy_sensitive;promotion_restricted;topic_purity,research-only,closed,closed,research_only,503000,6100,2026-07-14,pass,traffic_verified,subreddit-catalog-expansion-2026-07-14.csv
r/Urbanism,catalog,旅行、户外、城市与地点发现,place;travel_outdoor,place_explorer;traveler_outdoor,discovery;place_memory;privacy_safety,comment;image;question;text,privacy_sensitive;promotion_restricted;topic_purity,research-only,closed,closed,research_only,103000,1900,2026-07-14,pass,traffic_verified,subreddit-catalog-expansion-2026-07-14.csv
r/Urbex,catalog,旅行、户外、城市与地点发现,place;travel_outdoor,place_explorer;traveler_outdoor,discovery;place_memory;privacy_safety,comment;image;question;text,privacy_sensitive;promotion_restricted;topic_purity,research-only,closed,closed,research_only,41000,446,2026-07-14,pass,traffic_verified,subreddit-catalog-expansion-2026-07-14.csv
r/UXDesign,catalog,艺术、设计与创作反馈,creative;visual_art,artist_designer;creator,creator_distribution;feedback_testing;learning_productivity,comment;critique;image;question;showcase,promotion_restricted;topic_purity,research-only,closed,closed,research_only,84000,1700,2026-07-14,pass,traffic_verified,subreddit-catalog-expansion-2026-07-14.csv
r/vibecoding,B+,App / Startup / Builder,ai;developer;product_app;startup_builder,developer;indie_builder,technical_help,comment;critique;image;showcase;video,ai_restricted;competitor_context;privacy_sensitive;topic_purity,research-only,closed,closed,research_only,,,,unknown,live_rules,loci-subreddit-pool-v1.md
r/VideoEditing,catalog,剪辑学习者、软件/流程用户,creative;photography_video,creator;photographer_video_creator,feedback_testing;learning_productivity;technical_help,question,approval_gate;promotion_restricted,conditional,conditional,closed,candidate,,,,unknown,public_rules,community-action-expansion-public-audit-2026-07-13.md
r/videography,catalog,视频拍摄/器材/后期,photography_video,photographer_video_creator,feedback_testing;technical_help,megathread;video,approval_gate;megathread_gate,conditional,conditional,closed,candidate,,,,unknown,public_rules,community-action-expansion-public-audit-2026-07-13.md
r/virtualreality,A0,空间体验 / 研究层,ar_xr;developer;social_relationship;virtual_world,developer;gamer,onboarding_ux;technical_help,comment;image;text;video,account_gate;competitor_context;promotion_restricted,research-only,closed,closed,closed,215000,4200,2026-07-14,pass,live_rules,loci-subreddit-pool-v1.md
r/visionosdev,B+,App / Startup / Builder,3d;ar_xr;developer;ios;product_app;startup_builder,developer;indie_builder,onboarding_ux;technical_help,comment;critique;image;showcase;video,competitor_context;promotion_restricted;topic_purity,default,conditional,closed,candidate,,,,unknown,live_rules,loci-subreddit-pool-v1.md
r/VRchat,A0,空间体验 / 研究层,gaming;place;social_relationship;virtual_world,friends_couples;social_participant,identity_avatar;onboarding_ux;place_memory,comment;image;text;video,competitor_context;privacy_sensitive,research-only,closed,closed,closed,120000,3200,2026-07-14,pass,live_rules,loci-subreddit-pool-v1.md
r/vrdev,B+,游戏 / 创作 / 开发,3d;ar_xr;creative;developer;gaming;product_app,developer,technical_help,comment;critique;image;showcase;video,competitor_context;privacy_sensitive;promotion_restricted;survey_restricted,default,conditional,closed,candidate,,,,unknown,live_rules,loci-subreddit-pool-v1.md
r/VRGaming,catalog,3D、VR 与空间计算生态,3d;ar_xr;creative;virtual_world,creator;gamer;spatial_user,co_creation;discovery;technical_help,comment;question;showcase;video,competitor_context;promotion_restricted;topic_purity,research-only,closed,closed,research_only,60000,2100,2026-07-14,pass,traffic_verified,subreddit-catalog-expansion-2026-07-14.csv
r/walking,A,研究 / 观察,social_relationship;travel_outdoor,traveler_outdoor,discovery;place_memory,comment;image;question;text;video,competitor_context;promotion_restricted;survey_restricted,research-only,closed,closed,research_only,,,,unknown,live_rules,loci-subreddit-pool-v1.md
r/walkingpics,catalog,旅行、户外、城市与地点发现,place;travel_outdoor,place_explorer;traveler_outdoor,discovery;place_memory;privacy_safety,comment;image;question;text,privacy_sensitive;promotion_restricted;topic_purity,research-only,closed,closed,research_only,6100,957,2026-07-14,pass,traffic_verified,subreddit-catalog-expansion-2026-07-14.csv
r/WalkScape,A0,现实移动 / 游戏化,gaming,gamer;traveler_outdoor,discovery;place_memory,comment;critique;image;question;text;video,account_gate;competitor_context,research-only,closed,closed,closed,,,,unknown,live_rules,loci-subreddit-pool-v1.md
r/WeAreTheMusicMakers,catalog,音乐兴趣、创作与传播,creative;entertainment_media,creator;media_fan;young_adult,creator_distribution;discovery;entertainment_discussion,comment;question;text;showcase,promotion_restricted;topic_purity,research-only,closed,closed,research_only,119000,1700,2026-07-14,pass,traffic_verified,subreddit-catalog-expansion-2026-07-14.csv
r/web_design,B+,扩展 / 养号 / 素材反馈,creative;visual_art;web,artist_designer,feedback_testing;technical_help,comment;critique;image;video,promotion_restricted;survey_restricted,conditional,closed,closed,candidate,56000,432,2026-07-14,pass,live_rules,loci-subreddit-pool-v1.md
r/webdesign,catalog,艺术、设计与创作反馈,creative;visual_art,artist_designer;creator,creator_distribution;feedback_testing;learning_productivity,comment;critique;image;question;showcase,promotion_restricted;topic_purity,research-only,closed,closed,research_only,26000,2000,2026-07-14,pass,traffic_verified,subreddit-catalog-expansion-2026-07-14.csv
r/webdev,B+,扩展 / 养号 / 素材反馈,developer;web,developer,feedback_testing;technical_help,comment;critique;image;showcase;video,approval_gate;promotion_restricted,conditional,closed,closed,candidate,,,,unknown,live_rules,loci-subreddit-pool-v1.md
r/WebGames,catalog,社交游戏、共玩与世界玩法,gaming;social_relationship;virtual_world,gamer;social_participant;world_builder,co_creation;discovery;lightweight_social,comment;question;text;showcase,promotion_restricted;topic_purity;competitor_context,research-only,closed,closed,research_only,24000,757,2026-07-14,pass,traffic_verified,subreddit-catalog-expansion-2026-07-14.csv
r/WebXR,B,社交关系 / 陪伴研究,ar_xr;social_relationship;startup_builder;web,indie_builder;spatial_user,technical_help,comment;critique;image;showcase;video,account_gate;competitor_context;promotion_restricted,default,conditional,conditional,candidate,,,,unknown,live_rules,loci-subreddit-pool-v1.md
r/WeMetOnline,A0,线上相遇 / 情感连接,social_relationship,friends_couples,lightweight_social;place_memory,comment;image;text,account_gate;competitor_context;promotion_restricted;survey_restricted,research-only,closed,closed,closed,,,,unknown,live_rules,loci-subreddit-pool-v1.md
r/whereisthis,A0,研究 / 观察,place;travel_outdoor,place_explorer,place_memory,comment;image;text;video,account_gate;ai_restricted;competitor_context;minors_sensitive;privacy_sensitive,research-only,closed,closed,closed,,,,unknown,live_rules,loci-subreddit-pool-v1.md
r/Widgetable,A,研究 / 观察,social_relationship,friends_couples,identity_avatar;lightweight_social,comment;image;text;video,privacy_sensitive;promotion_restricted;survey_restricted,research-only,closed,closed,research_only,,,,unknown,live_rules,loci-subreddit-pool-v1.md
r/WildernessBackpacking,catalog,旅行、户外、城市与地点发现,place;travel_outdoor,place_explorer;traveler_outdoor,discovery;place_memory;privacy_safety,comment;image;question;text,privacy_sensitive;promotion_restricted;topic_purity,research-only,closed,closed,research_only,152000,1500,2026-07-14,pass,traffic_verified,subreddit-catalog-expansion-2026-07-14.csv
r/worldbuilding,B,游戏 / 创作 / 开发,creative;developer;gaming;place;ugc;virtual_world,creator;place_explorer;world_builder,co_creation;place_memory;technical_help,comment;critique;image;text;video,account_gate;ai_restricted,research-only,closed,closed,research_only,,,,unknown,live_rules,loci-subreddit-pool-v1.md
r/ZEPETO_Official,A0,竞品 / 替代行为研究,3d;social_relationship;virtual_world,social_participant,identity_avatar,comment;image;text;video,account_gate;competitor_context;minors_sensitive;topic_purity,research-only,closed,closed,closed,,,,unknown,live_rules,loci-subreddit-pool-v1.md
r/ZepetoSuggestions,A0,竞品 / 替代行为研究,gaming;social_relationship;virtual_world,gamer;world_builder,feedback_testing,comment;critique;image;text;video,account_gate;competitor_context;privacy_sensitive;promotion_restricted;survey_restricted,research-only,closed,closed,closed,,,,unknown,live_rules,loci-subreddit-pool-v1.md
