subreddit,community_type,audience_summary,pain_summary,topic_tags,audience_tags,need_tags,format_tags,risk_tags,comment_route,post_route,product_route,launcher_state,weekly_visitors,weekly_contributions,traffic_checked_at,traffic_state,evidence_level,source_query,description
r/AdultGamers,泛游戏讨论与选择,活跃玩家、游戏购买者与求推荐用户,想找到值得玩的游戏、判断玩法是否有趣，并交换真实体验,gaming;entertainment_media,gamer;young_adult,discovery;entertainment_discussion,comment;question;text,promotion_restricted;topic_purity,research-only,closed,closed,research_only,25000,748,2026-07-14,pass,traffic_verified,gaming communities,"A casual SFW community for gamers 25 and older. Whether you're looking for someone to game with or want to discuss games, you've found the right place!"
r/aipartners,AI 陪伴、人格与关系讨论,AI companion 用户、数字人格爱好者与关系型 AI 使用者,想获得持续陪伴、人格一致性与安全的情感表达空间,ai;social_relationship;virtual_world,ai_user;social_participant,identity_avatar;lightweight_social;privacy_safety,comment;question;text,competitor_context;privacy_sensitive;promotion_restricted,research-only,closed,closed,research_only,5800,377,2026-07-14,pass,traffic_verified,AI companions,"Exploring the human side of AI and personal robotics, especially AI companionship. This community is a space for serious discussion about the psychological, social, and ethical dimensions of our relationships with AI and robotics. We welcome personal stories, critical analysis, and thoughtful debate on one of the most defining technologies of our time."
r/AIRelationships,AI 陪伴、人格与关系讨论,AI companion 用户、数字人格爱好者与关系型 AI 使用者,想获得持续陪伴、人格一致性与安全的情感表达空间,ai;social_relationship;virtual_world,ai_user;social_participant,identity_avatar;lightweight_social;privacy_safety,comment;question;text,competitor_context;privacy_sensitive;promotion_restricted,research-only,closed,closed,research_only,6600,967,2026-07-14,pass,traffic_verified,AI companions,"A place for discussions about relationships with AI, free from harassment. Joy first, metaphysics optional, humans protected, gawkers can get fucked. Want to chat to the community on our Discord? DM the mods for a link."
r/AmateurPhotography,摄影作品、技巧与审美反馈,摄影爱好者、视觉创作者与城市记录者,想提升作品、获得具体反馈，并发现值得记录的视觉与地点,creative;photography_video;place,photographer_video_creator;place_explorer,creator_distribution;discovery;feedback_testing;place_memory,comment;critique;image;question,promotion_restricted;privacy_sensitive;topic_purity,research-only,closed,closed,research_only,33000,6200,2026-07-14,pass,traffic_verified,photography;travel photography,
r/AnimeAlley,动漫兴趣与推荐讨论,动漫受众、年轻兴趣社群与角色文化爱好者,想获得作品推荐、讨论角色与身份投射，并找到同好,entertainment_media;social_relationship,media_fan;young_adult,discovery;entertainment_discussion;identity_avatar,comment;question;text,promotion_restricted;topic_purity;minors_sensitive,research-only,closed,closed,research_only,9400,747,2026-07-14,pass,traffic_verified,anime discussion,"Welcome to r/AnimeAlley – where anime fans unite! 🎌 Whether you're here to gush about your favorite characters, share memes, post fan art, or join epic debates, this is your place. We keep things fun, friendly, and 100% anime and your also allowed to post things related to Anime/Gacha Games!. No gatekeeping, no spam – just passionate fans building something awesome together. So jump in, say hi, and help shape the future of our Anime Alley!"
r/AnimeDiscussion,动漫兴趣与推荐讨论,动漫受众、年轻兴趣社群与角色文化爱好者,想获得作品推荐、讨论角色与身份投射，并找到同好,entertainment_media;social_relationship,media_fan;young_adult,discovery;entertainment_discussion;identity_avatar,comment;question;text,promotion_restricted;topic_purity;minors_sensitive,research-only,closed,closed,research_only,31000,1300,2026-07-14,pass,traffic_verified,anime discussion,
r/animequestions,动漫兴趣与推荐讨论,动漫受众、年轻兴趣社群与角色文化爱好者,想获得作品推荐、讨论角色与身份投射，并找到同好,entertainment_media;social_relationship,media_fan;young_adult,discovery;entertainment_discussion;identity_avatar,comment;question;text,promotion_restricted;topic_purity;minors_sensitive,research-only,closed,closed,research_only,312000,18000,2026-07-14,pass,traffic_verified,anime discussion,"Your go-to community for all your anime-related questions. Whether you're seeking recommendations, explanations, or just curious about something in the anime world, we've got you covered. Join the discussion and get answers from fellow anime enthusiasts!"
r/AnimeReccomendations,动漫兴趣与推荐讨论,动漫受众、年轻兴趣社群与角色文化爱好者,想获得作品推荐、讨论角色与身份投射，并找到同好,entertainment_media;social_relationship,media_fan;young_adult,discovery;entertainment_discussion;identity_avatar,comment;question;text,promotion_restricted;topic_purity;minors_sensitive,research-only,closed,closed,research_only,209000,6500,2026-07-14,pass,traffic_verified,anime discussion,Looking for anime? Want to share a recent favorite? You've come to the right place.
r/Animesuggest,动漫兴趣与推荐讨论,动漫受众、年轻兴趣社群与角色文化爱好者,想获得作品推荐、讨论角色与身份投射，并找到同好,entertainment_media;social_relationship,media_fan;young_adult,discovery;entertainment_discussion;identity_avatar,comment;question;text,promotion_restricted;topic_purity;minors_sensitive,research-only,closed,closed,research_only,228000,4500,2026-07-14,pass,traffic_verified,anime discussion,Subreddit for anime and manga fans which allows suggestions and requests for anything related to anime and manga subculture.
r/AppDevelopers,移动应用、产品与开发讨论,移动应用用户、独立开发者、产品设计者与早期体验者,想发现可用产品、解决开发和体验问题，并获得具体产品反馈,mobile;product_app;startup_builder,early_tester;indie_builder;mobile_user,discovery;feedback_testing;onboarding_ux;technical_help,comment;question;text,account_gate;promotion_restricted;topic_purity,research-only,closed,closed,research_only,8900,1300,2026-07-14,pass,traffic_verified,app feedback,"All things app development: both front-end and back-end. This includes mobile, web apps and marketing."
r/Art,艺术、设计与创作反馈,艺术家、设计师、创作者与学习者,想展示作品、得到具体建议，并改善视觉表达或创作流程,creative;visual_art,artist_designer;creator,creator_distribution;feedback_testing;learning_productivity,comment;critique;image;question;showcase,promotion_restricted;topic_purity,research-only,closed,closed,research_only,260000,4900,2026-07-14,pass,traffic_verified,digital art,"Welcome to r/Art, a subreddit for artists and art lovers alike! We hope to create a welcoming environment for those passionate about art and hope you can find a place here! Have an issue? Please reach out to us via the ModMail where we can assist you."
r/AskGames,泛游戏讨论与选择,活跃玩家、游戏购买者与求推荐用户,想找到值得玩的游戏、判断玩法是否有趣，并交换真实体验,gaming;entertainment_media,gamer;young_adult,discovery;entertainment_discussion,comment;question;text,promotion_restricted;topic_purity,research-only,closed,closed,research_only,70000,2100,2026-07-14,pass,traffic_verified,location based games,"This is NOT for remembering game names. Ask that in r/tipofmyjoystick AskGames is the place to get answers to your burning gaming questions: * When does Game X come out? * Does console X have this feature? * How do I get the ""Kill everything"" achievement? * How can I back-up my saves? * Why does my game crash on load?"
r/AskPhotography,摄影作品、技巧与审美反馈,摄影爱好者、视觉创作者与城市记录者,想提升作品、获得具体反馈，并发现值得记录的视觉与地点,creative;photography_video;place,photographer_video_creator;place_explorer,creator_distribution;discovery;feedback_testing;place_memory,comment;critique;image;question,promotion_restricted;privacy_sensitive;topic_purity,research-only,closed,closed,research_only,321000,6700,2026-07-14,pass,traffic_verified,photography;travel photography,"Whether you're a seasoned professional or just starting out, this subreddit is the perfect place to ask questions, seek advice, and engage in discussions about all things photography. We're here to foster a supportive and knowledgeable community that shares a passion for capturing the world through the lens. If you're new to photography or have a burning question, don't hesitate to make a post! Our community is filled with experienced photographers who are eager to help."
r/backpacking,旅行、户外、城市与地点发现,旅行者、步行者、户外参与者与城市探索者,想发现真实地点、规划体验、记录见闻并交流安全边界,place;travel_outdoor,place_explorer;traveler_outdoor,discovery;place_memory;privacy_safety,comment;image;question;text,privacy_sensitive;promotion_restricted;topic_purity,research-only,closed,closed,research_only,249000,3600,2026-07-14,pass,traffic_verified,travel outdoors,"A subreddit for traveling backpacking and wilderness backpacking, not restricted to one or the other. All posts must be flaired ""Travel"" or ""Wilderness"""
r/BeginnerArtists,艺术、设计与创作反馈,艺术家、设计师、创作者与学习者,想展示作品、得到具体建议，并改善视觉表达或创作流程,creative;visual_art,artist_designer;creator,creator_distribution;feedback_testing;learning_productivity,comment;critique;image;question;showcase,promotion_restricted;topic_purity,research-only,closed,closed,research_only,42000,2200,2026-07-14,pass,traffic_verified,digital art,"A place where new or small artists and cartoonists alike can share their work and creativity. Is drawing your hobby or just a pastime? Maybe you're newbie to the world of art an want some tips from fellow redditors? No matter how good or bad, old or new, all art is beautiful. Paintings, animations, sketches, and drawings are all accepted."
r/blender,3D、VR 与空间计算生态,3D 创作者、VR 玩家和空间计算用户,想理解空间体验、改善创作流程，并发现更自然的沉浸式交互,3d;ar_xr;creative;virtual_world,creator;gamer;spatial_user,co_creation;discovery;technical_help,comment;question;showcase;video,competitor_context;promotion_restricted;topic_purity,research-only,closed,closed,research_only,354000,8800,2026-07-14,pass,traffic_verified,3D modeling-rendered,"A home for the Blender community on Reddit. Blender is a community-driven, free, and open-source software for 3D modeling, animation, rendering and more. Download it today at www.blender.org"
r/BoardgameDesign,社交游戏、共玩与世界玩法,重视共玩、社区玩法、虚拟空间或游戏创作的玩家,想找到能与他人一起参与、持续发现或共同创造的玩法,gaming;social_relationship;virtual_world,gamer;social_participant;world_builder,co_creation;discovery;lightweight_social,comment;question;text;showcase,promotion_restricted;topic_purity;competitor_context,research-only,closed,closed,research_only,7900,782,2026-07-14,pass,traffic_verified,board games,"Welcome to the premier hub for Board Game, Tabletop Game, and Card Game design on Reddit! Here, you'll find a treasure trove of inspiration, expert insights, and invaluable resources covering every aspect of game design, from conception to production, marketing, and even crowdfunding. Get ready to unleash your creativity and join fellow enthusiasts in crafting the next big hit in the world of hobby game design! Happy designing!"
r/CampingandHiking,旅行、户外、城市与地点发现,旅行者、步行者、户外参与者与城市探索者,想发现真实地点、规划体验、记录见闻并交流安全边界,place;travel_outdoor,place_explorer;traveler_outdoor,discovery;place_memory;privacy_safety,comment;image;question;text,privacy_sensitive;promotion_restricted;topic_purity,research-only,closed,closed,research_only,162000,921,2026-07-14,pass,traffic_verified,travel outdoors,"For Backpackers who Hike with Camping Gear in their Backpack. Tips, trip reports, back-country gear reviews, safety and news"
r/Cinema,电影与电视泛娱乐讨论,电影、电视和流行文化爱好者,想快速获得推荐、解释作品体验，并围绕共同兴趣交流,entertainment_media,media_fan;young_adult,discovery;entertainment_discussion,comment;question;text,promotion_restricted;topic_purity,research-only,closed,closed,research_only,636000,27000,2026-07-14,pass,traffic_verified,movies discussion,Welcome to r/Cinema. A place for movie news and discussion. And other related topics.
r/CitiesSkylines,社交游戏、共玩与世界玩法,重视共玩、社区玩法、虚拟空间或游戏创作的玩家,想找到能与他人一起参与、持续发现或共同创造的玩法,gaming;social_relationship;virtual_world,gamer;social_participant;world_builder,co_creation;discovery;lightweight_social,comment;question;text;showcase,promotion_restricted;topic_purity;competitor_context,research-only,closed,closed,research_only,177000,3500,2026-07-14,pass,traffic_verified,city exploration,"A community-led subreddit for Cities: Skylines and Cities: Skylines II, the city-builder games published by Paradox Interactive"
r/CityPorn,旅行、户外、城市与地点发现,旅行者、步行者、户外参与者与城市探索者,想发现真实地点、规划体验、记录见闻并交流安全边界,place;travel_outdoor,place_explorer;traveler_outdoor,discovery;place_memory;privacy_safety,comment;image;question;text,privacy_sensitive;promotion_restricted;topic_purity,research-only,closed,closed,research_only,41000,724,2026-07-14,pass,traffic_verified,city exploration,
r/crafts,艺术、设计与创作反馈,艺术家、设计师、创作者与学习者,想展示作品、得到具体建议，并改善视觉表达或创作流程,creative;visual_art,artist_designer;creator,creator_distribution;feedback_testing;learning_productivity,comment;critique;image;question;showcase,promotion_restricted;topic_purity,research-only,closed,closed,research_only,211000,4700,2026-07-14,pass,traffic_verified,creative tools,"r/crafts is for sharing crafts you made or questions on how to do something crafty. It is NOT for promotion. This includes but is not limited to the following: Asking where to buy something Selling something Asking for advise on growing a business or following Sharing social media Sharing commissions or work for clients You are welcome to share anything you have made, from simple beginner works to complex works that are only made possible from years of experience. Please read our rules."
r/DatingApps,年轻人、朋友与轻社交讨论,年轻人、内向用户、寻找朋友或关系建议的用户,想低压力地认识人、维持关系、表达情绪并获得同伴回应,social_relationship;youth_campus,social_participant;young_adult,lightweight_social;privacy_safety,comment;question;text,minors_sensitive;privacy_sensitive;promotion_restricted,research-only,closed,closed,research_only,38000,420,2026-07-14,pass,traffic_verified,social apps,"The Reddit hub for discussion of dating apps, online dating, and the hilarities that ensue with it!"
r/Design,艺术、设计与创作反馈,艺术家、设计师、创作者与学习者,想展示作品、得到具体建议，并改善视觉表达或创作流程,creative;visual_art,artist_designer;creator,creator_distribution;feedback_testing;learning_productivity,comment;critique;image;question;showcase,promotion_restricted;topic_purity,research-only,closed,closed,research_only,136000,1700,2026-07-14,pass,traffic_verified,user experience design,
r/DesignJobs,艺术、设计与创作反馈,艺术家、设计师、创作者与学习者,想展示作品、得到具体建议，并改善视觉表达或创作流程,creative;visual_art,artist_designer;creator,creator_distribution;feedback_testing;learning_productivity,comment;critique;image;question;showcase,promotion_restricted;topic_purity,research-only,closed,closed,research_only,6000,804,2026-07-14,pass,traffic_verified,user experience design,"Some redditors are skilled professionals, some redditors need skilled professionals. Scroll down for general information and our rules. Please read through these carefully, as breaking them is a bannable offense."
r/DigitalArt,艺术、设计与创作反馈,艺术家、设计师、创作者与学习者,想展示作品、得到具体建议，并改善视觉表达或创作流程,creative;visual_art,artist_designer;creator,creator_distribution;feedback_testing;learning_productivity,comment;critique;image;question;showcase,promotion_restricted;topic_purity,research-only,closed,closed,research_only,103000,5300,2026-07-14,pass,traffic_verified,digital art,Welcome to Digital Art Community: A place to share your works and discussion around digital art. Enjoy our community and follow content rules and policies.
r/DigitalPainting,艺术、设计与创作反馈,艺术家、设计师、创作者与学习者,想展示作品、得到具体建议，并改善视觉表达或创作流程,creative;visual_art,artist_designer;creator,creator_distribution;feedback_testing;learning_productivity,comment;critique;image;question;showcase,promotion_restricted;topic_purity,research-only,closed,closed,research_only,26000,416,2026-07-14,pass,traffic_verified,digital art,"Welcome! The purpose of r/DigitalPainting is to to critique art, to receive critique and grow as artists. Be prepared to receive constructive critique on your art. Be active and participate in the conversations, give critiques! Being able to recognize and give constructive criticism will mark your growth as well as help others!"
r/FIlm,电影与电视泛娱乐讨论,电影、电视和流行文化爱好者,想快速获得推荐、解释作品体验，并围绕共同兴趣交流,entertainment_media,media_fan;young_adult,discovery;entertainment_discussion,comment;question;text,promotion_restricted;topic_purity,research-only,closed,closed,research_only,1100000,24000,2026-07-14,pass,traffic_verified,movies discussion,"Welcome to r/film, the film community of Reddit. Film lovers and movie fans - talk about your favorite movies, upcoming ones, and the latest releases! Join us to celebrate and discuss the art of movies in a space dedicated to quality and thoughtful exchange. Whether you're a cinephile or just looking for your next movie night pick, this is the place for you!"
r/filmphotography,摄影作品、技巧与审美反馈,摄影爱好者、视觉创作者与城市记录者,想提升作品、获得具体反馈，并发现值得记录的视觉与地点,creative;photography_video;place,photographer_video_creator;place_explorer,creator_distribution;discovery;feedback_testing;place_memory,comment;critique;image;question,promotion_restricted;privacy_sensitive;topic_purity,research-only,closed,closed,research_only,27000,900,2026-07-14,pass,traffic_verified,travel photography,A subreddit about photography using film. Feel free to share photos and have any related discussion. Check out other related film photography subreddits on our sidebar!
r/films,电影与电视泛娱乐讨论,电影、电视和流行文化爱好者,想快速获得推荐、解释作品体验，并围绕共同兴趣交流,entertainment_media,media_fan;young_adult,discovery;entertainment_discussion,comment;question;text,promotion_restricted;topic_purity,research-only,closed,closed,research_only,15000,2000,2026-07-14,pass,traffic_verified,movies discussion,"Welcome to r/Films, a community for movie lovers who enjoy deeper discussions about cinema. Join us to celebrate and discuss the art of movies in a space dedicated to quality and thoughtful exchange. Whether you're a cinephile or just looking for your next movie night pick, this is the place for you!"
r/FineArtPhoto,摄影作品、技巧与审美反馈,摄影爱好者、视觉创作者与城市记录者,想提升作品、获得具体反馈，并发现值得记录的视觉与地点,creative;photography_video;place,photographer_video_creator;place_explorer,creator_distribution;discovery;feedback_testing;place_memory,comment;critique;image;question,promotion_restricted;privacy_sensitive;topic_purity,research-only,closed,closed,research_only,5400,279,2026-07-14,pass,traffic_verified,photography,"r/FineArtPhoto is a place for the collaborative exploration of photography as art by sharing theory, news and criticism. We wish to foster thoughtful, in-depth discussions based on conceptual and aesthetic analysis."
r/FRIEND,年轻人、朋友与轻社交讨论,年轻人、内向用户、寻找朋友或关系建议的用户,想低压力地认识人、维持关系、表达情绪并获得同伴回应,social_relationship;youth_campus,social_participant;young_adult,lightweight_social;privacy_safety,comment;question;text,minors_sensitive;privacy_sensitive;promotion_restricted,research-only,closed,closed,research_only,11000,2100,2026-07-14,pass,traffic_verified,friendship-rendered,"Hello 😊 Read our rules If you want to use our subreddit! Remember to be kind to everyone! Please, report all NSFW accounts!"
r/Games,泛游戏讨论与选择,活跃玩家、游戏购买者与求推荐用户,想找到值得玩的游戏、判断玩法是否有趣，并交换真实体验,gaming;entertainment_media,gamer;young_adult,discovery;entertainment_discussion,comment;question;text,promotion_restricted;topic_purity,research-only,closed,closed,research_only,1100000,32000,2026-07-14,pass,traffic_verified,gaming communities,"The goal of /r/Games is to provide a place for informative and interesting gaming content and discussions. Submissions should be for the purpose of informing or initiating a discussion, not just with the goal of entertaining viewers. Memes, comics, funny screenshots, arts-and-crafts, etc. will be removed."
r/GamesOnReddit,社交游戏、共玩与世界玩法,重视共玩、社区玩法、虚拟空间或游戏创作的玩家,想找到能与他人一起参与、持续发现或共同创造的玩法,gaming;social_relationship;virtual_world,gamer;social_participant;world_builder,co_creation;discovery;lightweight_social,comment;question;text;showcase,promotion_restricted;topic_purity;competitor_context,research-only,closed,closed,research_only,39000,457,2026-07-14,pass,traffic_verified,location based games,"Looking to play games on Reddit? You’ve found it! Discover new games built on Reddit's Developer Platform, and chat about your favorites in the comments. Build a game at https://developers.reddit.com/"
r/gamesuggestions,泛游戏讨论与选择,活跃玩家、游戏购买者与求推荐用户,想找到值得玩的游戏、判断玩法是否有趣，并交换真实体验,gaming;entertainment_media,gamer;young_adult,discovery;entertainment_discussion,comment;question;text,promotion_restricted;topic_purity,research-only,closed,closed,research_only,104000,3100,2026-07-14,pass,traffic_verified,location based games,A subreddit for gamers who need a little help finding new games to play. Tell us what you're looking for and get suggestions from the community.
r/gaming,泛游戏讨论与选择,活跃玩家、游戏购买者与求推荐用户,想找到值得玩的游戏、判断玩法是否有趣，并交换真实体验,gaming;entertainment_media,gamer;young_adult,discovery;entertainment_discussion,comment;question;text,promotion_restricted;topic_purity,research-only,closed,closed,research_only,3700000,85000,2026-07-14,pass,traffic_verified,gaming communities,The Number One Gaming forum on the Internet.
r/gamingsuggestions,泛游戏讨论与选择,活跃玩家、游戏购买者与求推荐用户,想找到值得玩的游戏、判断玩法是否有趣，并交换真实体验,gaming;entertainment_media,gamer;young_adult,discovery;entertainment_discussion,comment;question;text,promotion_restricted;topic_purity,research-only,closed,closed,research_only,693000,19000,2026-07-14,pass,traffic_verified,location based games,
r/GenZHumor,年轻人、朋友与轻社交讨论,年轻人、内向用户、寻找朋友或关系建议的用户,想低压力地认识人、维持关系、表达情绪并获得同伴回应,social_relationship;youth_campus,social_participant;young_adult,lightweight_social;privacy_safety,comment;question;text,minors_sensitive;privacy_sensitive;promotion_restricted,research-only,closed,closed,research_only,19000,328,2026-07-14,pass,traffic_verified,Gen Z,"Reddit’s #1 for GenZ memes, and funny videos."
r/getdisciplined,效率、习惯与工具讨论,学生、年轻职场用户与效率工具使用者,想减少拖延、形成持续习惯，并找到低负担的工具或方法,product_app;productivity_learning,student;young_adult,discovery;learning_productivity;onboarding_ux,comment;question;text,promotion_restricted;topic_purity,research-only,closed,closed,research_only,238000,2600,2026-07-14,pass,traffic_verified,productivity apps,"**r/GetDisciplined** is a community focused on building real self-discipline. Share practical strategies, personal experiences, and thoughtful advice to help yourself and others make lasting improvements and achieve meaningful goals."
r/GirlGamers,泛游戏讨论与选择,活跃玩家、游戏购买者与求推荐用户,想找到值得玩的游戏、判断玩法是否有趣，并交换真实体验,gaming;entertainment_media,gamer;young_adult,discovery;entertainment_discussion,comment;question;text,promotion_restricted;topic_purity,research-only,closed,closed,research_only,170000,3900,2026-07-14,pass,traffic_verified,gaming communities,"A delightfully polarizing term for women who game. This is a community space for ladies to hang out, talk about gaming, and game together. We also discuss topics around women in geek culture and debrief about experiences that occur as a result of their gender. Or you know, just post some bad ass makeup tutorials inspired by video games. We like that stuff here! Folks of all genders and identities welcome to join discussions here! FAQ -https://www.reddit.com/r/GirlGamers/wiki/index"
r/instructionaldesign,艺术、设计与创作反馈,艺术家、设计师、创作者与学习者,想展示作品、得到具体建议，并改善视觉表达或创作流程,creative;visual_art,artist_designer;creator,creator_distribution;feedback_testing;learning_productivity,comment;critique;image;question;showcase,promotion_restricted;topic_purity,research-only,closed,closed,research_only,19000,469,2026-07-14,pass,traffic_verified,creative tools;user experience design,"Welcome to r/InstructionalDesign—a supportive space for anyone curious about or working in instructional design. Whether you're brand new or a seasoned pro, this is a place to ask questions, share ideas, and grow together. We value respectful conversation, diverse perspectives, and the collaborative, curious spirit that makes Reddit great."
r/IntrovertsChat,年轻人、朋友与轻社交讨论,年轻人、内向用户、寻找朋友或关系建议的用户,想低压力地认识人、维持关系、表达情绪并获得同伴回应,social_relationship;youth_campus,social_participant;young_adult,lightweight_social;privacy_safety,comment;question;text,minors_sensitive;privacy_sensitive;promotion_restricted,research-only,closed,closed,research_only,102000,8700,2026-07-14,pass,traffic_verified,social apps,A SFW place for introverts to chat and potentially make friends. Please keep all posts relating to being an introvert.
r/IntrovertsSafeDating,年轻人、朋友与轻社交讨论,年轻人、内向用户、寻找朋友或关系建议的用户,想低压力地认识人、维持关系、表达情绪并获得同伴回应,social_relationship;youth_campus,social_participant;young_adult,lightweight_social;privacy_safety,comment;question;text,minors_sensitive;privacy_sensitive;promotion_restricted,research-only,closed,closed,research_only,11000,592,2026-07-14,pass,traffic_verified,social apps,"r/IntrovertsSafeDating is a SFW dating and connection community for introverts who want slower, safer, more intentional conversation. This is not a hookup subreddit, NSFW promo space, seller page, bot farm, or karma-farming personals board. Posts should be genuine, respectful, and conversation-focused."
r/IPhoneApps,移动应用、产品与开发讨论,移动应用用户、独立开发者、产品设计者与早期体验者,想发现可用产品、解决开发和体验问题，并获得具体产品反馈,mobile;product_app;startup_builder,early_tester;indie_builder;mobile_user,discovery;feedback_testing;onboarding_ux;technical_help,comment;question;text,account_gate;promotion_restricted;topic_purity,research-only,closed,closed,research_only,21000,256,2026-07-14,pass,traffic_verified,mobile apps,"Welcome to r/iPhoneApps, the dedicated subreddit where iPhone enthusiasts, developers, and casual users gather to explore and share the uncharted terrains of the ever-growing iOS app and game universe."
r/itookapicture,摄影作品、技巧与审美反馈,摄影爱好者、视觉创作者与城市记录者,想提升作品、获得具体反馈，并发现值得记录的视觉与地点,creative;photography_video;place,photographer_video_creator;place_explorer,creator_distribution;discovery;feedback_testing;place_memory,comment;critique;image;question,promotion_restricted;privacy_sensitive;topic_purity,research-only,closed,closed,research_only,360000,4400,2026-07-14,pass,traffic_verified,photography;travel photography,"A subreddit about photography techniques and styles. Post your work here to ask for critique, or browse the submissions and learn how photography techniques are achieved."
r/LetsTalkMusic,音乐兴趣、创作与传播,音乐听众、年轻乐迷、音乐创作者与推广者,想发现音乐、讨论审美、展示作品并获得传播反馈,creative;entertainment_media,creator;media_fan;young_adult,creator_distribution;discovery;entertainment_discussion,comment;question;text;showcase,promotion_restricted;topic_purity,research-only,closed,closed,research_only,211000,3100,2026-07-14,pass,traffic_verified,music fans,"A community for people who are passionate about music. Stimulating, in-depth music discussions aren't rare here."
r/localmultiplayergames,社交游戏、共玩与世界玩法,重视共玩、社区玩法、虚拟空间或游戏创作的玩家,想找到能与他人一起参与、持续发现或共同创造的玩法,gaming;social_relationship;virtual_world,gamer;social_participant;world_builder,co_creation;discovery;lightweight_social,comment;question;text;showcase,promotion_restricted;topic_purity;competitor_context,research-only,closed,closed,research_only,24000,115,2026-07-14,pass,traffic_verified,location based games,"This community is for those who play, create, and bring awareness to those who love local multiplayer games—which are video games that are played on one system (console or computer) among multiple players, either single or split-screen."
r/MakeRedditFriends,年轻人、朋友与轻社交讨论,年轻人、内向用户、寻找朋友或关系建议的用户,想低压力地认识人、维持关系、表达情绪并获得同伴回应,social_relationship;youth_campus,social_participant;young_adult,lightweight_social;privacy_safety,comment;question;text,minors_sensitive;privacy_sensitive;promotion_restricted,research-only,closed,closed,research_only,15000,1100,2026-07-14,pass,traffic_verified,friendship-rendered,"Hello! Welcome to r/MakeRedditFriends! Remember to read the rules & please, report all NSFW accounts! Our community should be a safe community for minors and adults who seek platonic relationships!"
r/moviequestions,电影与电视泛娱乐讨论,电影、电视和流行文化爱好者,想快速获得推荐、解释作品体验，并围绕共同兴趣交流,entertainment_media,media_fan;young_adult,discovery;entertainment_discussion,comment;question;text,promotion_restricted;topic_purity,research-only,closed,closed,research_only,83000,2300,2026-07-14,pass,traffic_verified,movies discussion,"Ask away, any question you have about any movie you've watched and a 'movie buff' will do their best to answer it."
r/MoviesAndTVTalk,电影与电视泛娱乐讨论,电影、电视和流行文化爱好者,想快速获得推荐、解释作品体验，并围绕共同兴趣交流,entertainment_media,media_fan;young_adult,discovery;entertainment_discussion,comment;question;text,promotion_restricted;topic_purity,research-only,closed,closed,research_only,221000,14000,2026-07-14,pass,traffic_verified,movies discussion,"A place to talk about movies and TV shows - reviews, recommendations, and everything in between."
r/MovieSuggestions,电影与电视泛娱乐讨论,电影、电视和流行文化爱好者,想快速获得推荐、解释作品体验，并围绕共同兴趣交流,entertainment_media,media_fan;young_adult,discovery;entertainment_discussion,comment;question;text,promotion_restricted;topic_purity,research-only,closed,closed,research_only,882000,21000,2026-07-14,pass,traffic_verified,movies discussion,In the mood for a particular movie? Saw something interesting and want more? Have a favourite movie you want to recommend? Make those Movie Suggestions.
r/musicmarketing,音乐兴趣、创作与传播,音乐听众、年轻乐迷、音乐创作者与推广者,想发现音乐、讨论审美、展示作品并获得传播反馈,creative;entertainment_media,creator;media_fan;young_adult,creator_distribution;discovery;entertainment_discussion,comment;question;text;showcase,promotion_restricted;topic_purity,research-only,closed,closed,research_only,48000,1100,2026-07-14,pass,traffic_verified,music fans,Welcome to the r/musicmarketing! The only sub on Reddit 100% devoted to getting answers on how to market your music. PLEASE! Read our rules and Community WIKI before attempting to post. Help our community be its best! Report rule violations to mods. NOTE ! - You will need minimum 50 Contribution Karma to Post here.
r/MusicPromotion,音乐兴趣、创作与传播,音乐听众、年轻乐迷、音乐创作者与推广者,想发现音乐、讨论审美、展示作品并获得传播反馈,creative;entertainment_media,creator;media_fan;young_adult,creator_distribution;discovery;entertainment_discussion,comment;question;text;showcase,promotion_restricted;topic_purity,research-only,closed,closed,research_only,9200,2700,2026-07-14,pass,traffic_verified,music fans,"A community for musicians to share and discuss music promotion strategies. From social media to live events, we're here to help each other succeed in the music industry. Share your experiences, ask for advice and join the conversation. Let's help each other reach new fans and grow our music careers!"
r/musicteenager,音乐兴趣、创作与传播,音乐听众、年轻乐迷、音乐创作者与推广者,想发现音乐、讨论审美、展示作品并获得传播反馈,creative;entertainment_media,creator;media_fan;young_adult,creator_distribution;discovery;entertainment_discussion,comment;question;text;showcase,promotion_restricted;topic_purity,research-only,closed,closed,research_only,33000,3100,2026-07-14,pass,traffic_verified,music fans,"The sub for teenagers of the musical variety! 🎶 Discuss, talk, and recommend music!"
r/MyBoyfriendIsAI,AI 陪伴、人格与关系讨论,AI companion 用户、数字人格爱好者与关系型 AI 使用者,想获得持续陪伴、人格一致性与安全的情感表达空间,ai;social_relationship;virtual_world,ai_user;social_participant,identity_avatar;lightweight_social;privacy_safety,comment;question;text,competitor_context;privacy_sensitive;promotion_restricted,research-only,closed,closed,research_only,25000,347,2026-07-14,pass,traffic_verified,AI companions,"This is a restricted community for people to ask, share, and post experiences about their AI relationships. AI girlfriends, companions, best friends and non-binary partners are welcome as well! Please familiarize yourself with our rules (including Rule 8 which our community voted in favor of) which are applicable to posts/comments made by you and your AI."
r/oculus,3D、VR 与空间计算生态,3D 创作者、VR 玩家和空间计算用户,想理解空间体验、改善创作流程，并发现更自然的沉浸式交互,3d;ar_xr;creative;virtual_world,creator;gamer;spatial_user,co_creation;discovery;technical_help,comment;question;showcase;video,competitor_context;promotion_restricted;topic_purity,research-only,closed,closed,research_only,109000,590,2026-07-14,pass,traffic_verified,social VR,"**The Oculus subreddit, a place for Oculus fans to discuss VR.**"
r/Outdoors,旅行、户外、城市与地点发现,旅行者、步行者、户外参与者与城市探索者,想发现真实地点、规划体验、记录见闻并交流安全边界,place;travel_outdoor,place_explorer;traveler_outdoor,discovery;place_memory;privacy_safety,comment;image;question;text,privacy_sensitive;promotion_restricted;topic_purity,research-only,closed,closed,research_only,44000,897,2026-07-14,pass,traffic_verified,travel outdoors;walking outdoors,"Outdoor recreation: keeping humans fit, fed and happy for thousands of years! The sun on your face, the wind in your hair: all this and more could be yours to experience... if you ever get off reddit and go outside for once! Outdoors is for all outdoor experiences, not limited to any specific interest. Caving, mountain climbing, cycling, bushcraft, gardening, sailing, plants, birds, bears, trees, or just going for a stroll - it's all on topic here!"
r/PhotographyAdvice,摄影作品、技巧与审美反馈,摄影爱好者、视觉创作者与城市记录者,想提升作品、获得具体反馈，并发现值得记录的视觉与地点,creative;photography_video;place,photographer_video_creator;place_explorer,creator_distribution;discovery;feedback_testing;place_memory,comment;critique;image;question,promotion_restricted;privacy_sensitive;topic_purity,research-only,closed,closed,research_only,18000,1600,2026-07-14,pass,traffic_verified,photography,
r/productivity,效率、习惯与工具讨论,学生、年轻职场用户与效率工具使用者,想减少拖延、形成持续习惯，并找到低负担的工具或方法,product_app;productivity_learning,student;young_adult,discovery;learning_productivity;onboarding_ux,comment;question;text,promotion_restricted;topic_purity,research-only,closed,closed,research_only,371000,2500,2026-07-14,pass,traffic_verified,productivity apps,Tips and tricks for being more productive!
r/ProductivityApps,效率、习惯与工具讨论,学生、年轻职场用户与效率工具使用者,想减少拖延、形成持续习惯，并找到低负担的工具或方法,product_app;productivity_learning,student;young_adult,discovery;learning_productivity;onboarding_ux,comment;question;text,promotion_restricted;topic_purity,research-only,closed,closed,research_only,91000,3300,2026-07-14,pass,traffic_verified,productivity apps,A place to discuss Productivity and apps to help with it.
r/Productivitycafe,效率、习惯与工具讨论,学生、年轻职场用户与效率工具使用者,想减少拖延、形成持续习惯，并找到低负担的工具或方法,product_app;productivity_learning,student;young_adult,discovery;learning_productivity;onboarding_ux,comment;question;text,promotion_restricted;topic_purity,research-only,closed,closed,research_only,128000,9000,2026-07-14,pass,traffic_verified,productivity apps,"Welcome to the Productivity Café, the only place where we promise our coffee is more potent than procrastination! We're a bunch of caffeine-fueled productivity wizards on a mission to defeat the dreaded dragons of distraction and be more productive! Also, feel free to jump into our ""Casual Convos/Off-Topic"" post flairs to chat about anything not related to productivity. We're a hybrid community dedicated to boosting productivity & exploring creative topics. Let's brew some success together!"
r/ProductivityHQ,效率、习惯与工具讨论,学生、年轻职场用户与效率工具使用者,想减少拖延、形成持续习惯，并找到低负担的工具或方法,product_app;productivity_learning,student;young_adult,discovery;learning_productivity;onboarding_ux,comment;question;text,promotion_restricted;topic_purity,research-only,closed,closed,research_only,68000,379,2026-07-14,pass,traffic_verified,productivity apps,"Welcome to Productivity HQ, a space for people who want to be more productive without taking it too seriously ☕️ Share and discuss productivity questions, apps, systems, routines, resources, inspiration, frustrations, casual off-topic chats, and the occasional productivity meme. This sub focuses on REAL LIFE productivity, not that hustle culture bs. Developers are welcome to post their productivity apps using the Dev-Self Promotion flair to get honest productivity feedback from the community."
r/roadtrip,旅行、户外、城市与地点发现,旅行者、步行者、户外参与者与城市探索者,想发现真实地点、规划体验、记录见闻并交流安全边界,place;travel_outdoor,place_explorer;traveler_outdoor,discovery;place_memory;privacy_safety,comment;image;question;text,privacy_sensitive;promotion_restricted;topic_purity,research-only,closed,closed,research_only,268000,7200,2026-07-14,pass,traffic_verified,travel outdoors,"/r/roadtrip is your source for everything road trip related. Whether you enjoy traveling by motorcycle, car, or recreational vehicle this is your destination for everything related to road trips!"
r/ShouldIbuythisgame,泛游戏讨论与选择,活跃玩家、游戏购买者与求推荐用户,想找到值得玩的游戏、判断玩法是否有趣，并交换真实体验,gaming;entertainment_media,gamer;young_adult,discovery;entertainment_discussion,comment;question;text,promotion_restricted;topic_purity,research-only,closed,closed,research_only,448000,3800,2026-07-14,pass,traffic_verified,location based games,"Have you ever wanted to buy a game on Steam but didn't know if it was good? Have you ever had just enough money for an indie game but didn't know whether it was worth buying? Have you ever asked yourself, ""Should I buy this game?"""
r/socialmedia,移动应用、产品与开发讨论,移动应用用户、独立开发者、产品设计者与早期体验者,想发现可用产品、解决开发和体验问题，并获得具体产品反馈,mobile;product_app;startup_builder,early_tester;indie_builder;mobile_user,discovery;feedback_testing;onboarding_ux;technical_help,comment;question;text,account_gate;promotion_restricted;topic_purity,research-only,closed,closed,research_only,109000,1000,2026-07-14,pass,traffic_verified,social apps,"A sub for professional discussion about social media, news, and best practices."
r/soloboardgaming,社交游戏、共玩与世界玩法,重视共玩、社区玩法、虚拟空间或游戏创作的玩家,想找到能与他人一起参与、持续发现或共同创造的玩法,gaming;social_relationship;virtual_world,gamer;social_participant;world_builder,co_creation;discovery;lightweight_social,comment;question;text;showcase,promotion_restricted;topic_purity;competitor_context,research-only,closed,closed,research_only,63000,1800,2026-07-14,pass,traffic_verified,board games,"All about exploring, discussing, and playing board games solo... as in solitary, alone, one-player, without others, etc. Solitaire Board Gaming: Get together and play by yourself!"
r/streetphotography,摄影作品、技巧与审美反馈,摄影爱好者、视觉创作者与城市记录者,想提升作品、获得具体反馈，并发现值得记录的视觉与地点,creative;photography_video;place,photographer_video_creator;place_explorer,creator_distribution;discovery;feedback_testing;place_memory,comment;critique;image;question,promotion_restricted;privacy_sensitive;topic_purity,research-only,closed,closed,research_only,37000,1400,2026-07-14,pass,traffic_verified,street photography,"A subreddit to share your street photography work and discuss the technique, gear and philosophies behind shooting street."
r/Students,年轻人、朋友与轻社交讨论,年轻人、内向用户、寻找朋友或关系建议的用户,想低压力地认识人、维持关系、表达情绪并获得同伴回应,social_relationship;youth_campus,social_participant;young_adult,lightweight_social;privacy_safety,comment;question;text,minors_sensitive;privacy_sensitive;promotion_restricted,research-only,closed,closed,research_only,12000,1100,2026-07-14,pass,traffic_verified,college students,
r/traveladvice,旅行、户外、城市与地点发现,旅行者、步行者、户外参与者与城市探索者,想发现真实地点、规划体验、记录见闻并交流安全边界,place;travel_outdoor,place_explorer;traveler_outdoor,discovery;place_memory;privacy_safety,comment;image;question;text,privacy_sensitive;promotion_restricted;topic_purity,research-only,closed,closed,research_only,64000,2200,2026-07-14,pass,traffic_verified,travel outdoors,"Welcome to r/TravelAdvice! ✈️🌍🧳 Whether you are a seasoned globetrotter, a digital nomad, or planning your very first trip abroad, this is the place to ask questions and share wisdom. We focus on the practical side of travel: the how, where, and how much. Use this community to: - Get itinerary sanity checks. - Ask about budgets and currency. - Solve transportation logistics. - Clarify visa and document rules. - Compare gear and packing lists. Don’t be a tourist, be a traveler."
r/TravelHacks,旅行、户外、城市与地点发现,旅行者、步行者、户外参与者与城市探索者,想发现真实地点、规划体验、记录见闻并交流安全边界,place;travel_outdoor,place_explorer;traveler_outdoor,discovery;place_memory;privacy_safety,comment;image;question;text,privacy_sensitive;promotion_restricted;topic_purity,research-only,closed,closed,research_only,380000,823,2026-07-14,pass,traffic_verified,travel outdoors,"Cheap traveling, ways to get around, tips & tricks, etc. For general location advice such as where to go and what to do there use /r/travel or similar. Check sidebars for helpful links first."
r/UrbanHell,旅行、户外、城市与地点发现,旅行者、步行者、户外参与者与城市探索者,想发现真实地点、规划体验、记录见闻并交流安全边界,place;travel_outdoor,place_explorer;traveler_outdoor,discovery;place_memory;privacy_safety,comment;image;question;text,privacy_sensitive;promotion_restricted;topic_purity,research-only,closed,closed,research_only,503000,6100,2026-07-14,pass,traffic_verified,city exploration,"A photography subreddit of all the hideous places human beings built or inhabit. Come here for aesthetic appreciation of the darker side of the cities, towns, and villages in our shared world. We welcome any photos which show either ugliness, or a problem in urban development. Rural and suburban hell are also allowed."
r/Urbanism,旅行、户外、城市与地点发现,旅行者、步行者、户外参与者与城市探索者,想发现真实地点、规划体验、记录见闻并交流安全边界,place;travel_outdoor,place_explorer;traveler_outdoor,discovery;place_memory;privacy_safety,comment;image;question;text,privacy_sensitive;promotion_restricted;topic_purity,research-only,closed,closed,research_only,103000,1900,2026-07-14,pass,traffic_verified,city exploration,"The art and science of creating vibrant cities. r/Urbanism is a discussion space for design, planning, and policy decisions related to housing, transit, street life, active mobility, the environment, and any other topic that affects the quality of life of city residents."
r/Urbex,旅行、户外、城市与地点发现,旅行者、步行者、户外参与者与城市探索者,想发现真实地点、规划体验、记录见闻并交流安全边界,place;travel_outdoor,place_explorer;traveler_outdoor,discovery;place_memory;privacy_safety,comment;image;question;text,privacy_sensitive;promotion_restricted;topic_purity,research-only,closed,closed,research_only,41000,446,2026-07-14,pass,traffic_verified,city exploration,
r/UXDesign,艺术、设计与创作反馈,艺术家、设计师、创作者与学习者,想展示作品、得到具体建议，并改善视觉表达或创作流程,creative;visual_art,artist_designer;creator,creator_distribution;feedback_testing;learning_productivity,comment;critique;image;question;showcase,promotion_restricted;topic_purity,research-only,closed,closed,research_only,84000,1700,2026-07-14,pass,traffic_verified,user experience design,
r/VRGaming,3D、VR 与空间计算生态,3D 创作者、VR 玩家和空间计算用户,想理解空间体验、改善创作流程，并发现更自然的沉浸式交互,3d;ar_xr;creative;virtual_world,creator;gamer;spatial_user,co_creation;discovery;technical_help,comment;question;showcase;video,competitor_context;promotion_restricted;topic_purity,research-only,closed,closed,research_only,60000,2100,2026-07-14,pass,traffic_verified,virtual worlds;social VR,
r/walkingpics,旅行、户外、城市与地点发现,旅行者、步行者、户外参与者与城市探索者,想发现真实地点、规划体验、记录见闻并交流安全边界,place;travel_outdoor,place_explorer;traveler_outdoor,discovery;place_memory;privacy_safety,comment;image;question;text,privacy_sensitive;promotion_restricted;topic_purity,research-only,closed,closed,research_only,6100,957,2026-07-14,pass,traffic_verified,walking outdoors,"Share your pics or videos taken while walking, hiking, running, biking, or whatever other outdoor activities you may enjoy. Whether you just point the camera and click, are just getting into photography, or an experienced photographer, we want to see it all."
r/WeAreTheMusicMakers,音乐兴趣、创作与传播,音乐听众、年轻乐迷、音乐创作者与推广者,想发现音乐、讨论审美、展示作品并获得传播反馈,creative;entertainment_media,creator;media_fan;young_adult,creator_distribution;discovery;entertainment_discussion,comment;question;text;showcase,promotion_restricted;topic_purity,research-only,closed,closed,research_only,119000,1700,2026-07-14,pass,traffic_verified,music fans,WATMM is a place for music makers to discuss the active process of making music.
r/webdesign,艺术、设计与创作反馈,艺术家、设计师、创作者与学习者,想展示作品、得到具体建议，并改善视觉表达或创作流程,creative;visual_art,artist_designer;creator,creator_distribution;feedback_testing;learning_productivity,comment;critique;image;question;showcase,promotion_restricted;topic_purity,research-only,closed,closed,research_only,26000,2000,2026-07-14,pass,traffic_verified,user experience design,
r/WebGames,社交游戏、共玩与世界玩法,重视共玩、社区玩法、虚拟空间或游戏创作的玩家,想找到能与他人一起参与、持续发现或共同创造的玩法,gaming;social_relationship;virtual_world,gamer;social_participant;world_builder,co_creation;discovery;lightweight_social,comment;question;text;showcase,promotion_restricted;topic_purity;competitor_context,research-only,closed,closed,research_only,24000,757,2026-07-14,pass,traffic_verified,location based games,"A community to find web games with no downloads, signups, or plugins required!"
r/WildernessBackpacking,旅行、户外、城市与地点发现,旅行者、步行者、户外参与者与城市探索者,想发现真实地点、规划体验、记录见闻并交流安全边界,place;travel_outdoor,place_explorer;traveler_outdoor,discovery;place_memory;privacy_safety,comment;image;question;text,privacy_sensitive;promotion_restricted;topic_purity,research-only,closed,closed,research_only,152000,1500,2026-07-14,pass,traffic_verified,travel outdoors,"A subreddit dedicated to backpacking in the wild places on earth - where people are few, cell signal is nil, and Mother Nature still reigns. Backpacking defined as multi-day trips into the wild, unpopulated, areas of the world."
